caller	sample	chrom	start	end	svtype	split_read_support	paired_support_PE	paired_support_PR	AF_BPI	somaticscore	tier	annotation	AF_PURPLE	CN_PURPLE	CN_change_PURPLE	Ploidy_PURPLE	PURPLE_status	START_BPI	END_BPI	ID	MATEID
manta	sampleA	chr1	3660718	6613140	DEL	73,27		135,68	0.36399999260902405,0.3149999976158142	222	3	DEL|bidirectional_gene_fusion|KLHL21&TP73|ENSG00000078900|unprioritized|4,DEL|chromosome_number_variation|1||chrom_1|3,DEL|exon_loss_variant|TP73|ENST00000354437_exon_12/13&ENST00000604074_exon_4/11&ENST00000354437_exon_9/13&ENST00000357733_exon_11/12&ENST00000354437_exon_13/13&ENST00000346387_exon_8/12&ENST00000346387_exon_12/12&ENST00000357733_exon_4/12&ENST00000604074_exon_5/11&ENST00000604074_exon_2/11&ENST00000604074_exon_6/11&ENST00000346387_exon_11/12&ENST00000378295_exon_9/14&ENST00000354437_exon_4/13&ENST00000378295_exon_13/14&ENST00000604074_exon_10/11&ENST00000357733_exon_8/12&ENST00000346387_exon_9/12&ENST00000604074_exon_8/11&ENST00000378295_exon_8/14&ENST00000354437_exon_5/13&ENST00000357733_exon_6/12&ENST00000378295_exon_4/14&ENST00000604074_exon_11/11&ENST00000354437_exon_11/13&ENST00000346387_exon_10/12&ENST00000346387_exon_2/12&ENST00000378295_exon_6/14&ENST00000378295_exon_10/14&ENST00000357733_exon_9/12&ENST00000354437_exon_3/13&ENST00000346387_exon_5/12&ENST00000346387_exon_6/12&ENST00000378295_exon_14/14&ENST00000357733_exon_2/12&ENST00000354437_exon_2/13&ENST00000354437_exon_6/13&ENST00000346387_exon_7/12&ENST00000604074_exon_9/11&ENST00000378295_exon_11/14&ENST00000354437_exon_8/13&ENST00000346387_exon_3/12&ENST00000346387_exon_4/12&ENST00000604074_exon_3/11&ENST00000357733_exon_12/12&ENST00000378295_exon_2/14&ENST00000354437_exon_10/13&ENST00000604074_exon_7/11&ENST00000357733_exon_7/12&ENST00000354437_exon_7/13&ENST00000378295_exon_12/14&ENST00000378295_exon_3/14&ENST00000378295_exon_7/14&ENST00000378295_exon_5/14&ENST00000357733_exon_3/12&ENST00000357733_exon_5/12&ENST00000357733_exon_10/12|unprioritized|3,DEL|feature_ablation|ACOT7|ENSG00000097021|unprioritized|4,DEL|feature_ablation|AJAP1|ENSG00000196581|unprioritized|4,DEL|feature_ablation|C1orf174|ENSG00000198912|unprioritized|4,DEL|feature_ablation|CCDC27|ENSG00000162592|unprioritized|4,DEL|feature_ablation|CEP104|ENSG00000116198|unprioritized|4,DEL|feature_ablation|CHD5|ENSG00000116254|key_tsgene|3,DEL|feature_ablation|DFFB|ENSG00000169598|unprioritized|4,DEL|feature_ablation|DFFB&ICMT&TNFRSF25&RNU6-731P&TP73&KLHL21&MIR4417&CEP104&RN7SL574P&RP1-202O8.3&LINC01134&RP1-202O8.2&C1orf174&RNF207&ZBTB48&CCDC27&HES2&NPHP4&TAS1R1&CHD5&RP11-154H17.1&RP1-37J18.1&RP13-614K11.2&RP5-1092A11.2&RPL22&ACOT7&LINC01346&NOL9&RP11-58A11.2&PLEKHG5&TP73-AS1&SMIM1&HES3&AJAP1&RP1-37J18.2&RP1-120G22.11&RP5-1166F10.1&EEF1DP6&ESPN&GPR153&MIR4252&RP3-491M17.1&MIR4689&RP11-542C10.1&LRRC47&KCNAB2&RP1-58B11.1&LINC00337&RP1-286D6.5&RP5-1092A11.5|ENSG00000227589|key_tsgene|3,DEL|feature_ablation|EEF1DP6|ENSG00000229280|unprioritized|4,DEL|feature_ablation|ESPN|ENSG00000187017|unprioritized|4,DEL|feature_ablation|GPR153|ENSG00000158292|unprioritized|4,DEL|feature_ablation|HES2|ENSG00000069812|unprioritized|4,DEL|feature_ablation|HES3|ENSG00000173673|unprioritized|4,DEL|feature_ablation|ICMT|ENSG00000116237|unprioritized|4,DEL|feature_ablation|KCNAB2|ENSG00000069424|unprioritized|4,DEL|feature_ablation|KLHL21|ENSG00000162413|unprioritized|4,DEL|feature_ablation|LINC00337|ENSG00000225077|unprioritized|4,DEL|feature_ablation|LINC01134|ENSG00000236423|unprioritized|4,DEL|feature_ablation|LINC01346|ENSG00000233304|unprioritized|4,DEL|feature_ablation|LRRC47|ENSG00000130764|unprioritized|4,DEL|feature_ablation|MIR4252|ENSG00000265392|unprioritized|4,DEL|feature_ablation|MIR4417|ENSG00000264341|unprioritized|4,DEL|feature_ablation|MIR4689|ENSG00000264101|unprioritized|4,DEL|feature_ablation|NOL9|ENSG00000162408|unprioritized|4,DEL|feature_ablation|NPHP4|ENSG00000131697|unprioritized|4,DEL|feature_ablation|PLEKHG5|ENSG00000171680|unprioritized|4,DEL|feature_ablation|RN7SL574P|ENSG00000266075|unprioritized|4,DEL|feature_ablation|RNF207|ENSG00000158286|unprioritized|4,DEL|feature_ablation|RNU6-731P|ENSG00000253022|unprioritized|4,DEL|feature_ablation|RP1-120G22.11|ENSG00000226944|unprioritized|4,DEL|feature_ablation|RP1-202O8.2|ENSG00000231868|unprioritized|4,DEL|feature_ablation|RP1-202O8.3|ENSG00000271746|unprioritized|4,DEL|feature_ablation|RP1-286D6.5|ENSG00000272153|unprioritized|4,DEL|feature_ablation|RP1-37J18.1|ENSG00000227169|unprioritized|4,DEL|feature_ablation|RP1-37J18.2|ENSG00000232596|unprioritized|4,DEL|feature_ablation|RP1-58B11.1|ENSG00000260972|unprioritized|4,DEL|feature_ablation|RP11-154H17.1|ENSG00000236948|unprioritized|4,DEL|feature_ablation|RP11-542C10.1|ENSG00000231510|unprioritized|4,DEL|feature_ablation|RP11-58A11.2|ENSG00000229519|unprioritized|4,DEL|feature_ablation|RP13-614K11.2|ENSG00000226374|unprioritized|4,DEL|feature_ablation|RP3-491M17.1|ENSG00000283356|unprioritized|4,DEL|feature_ablation|RP5-1092A11.2|ENSG00000235131|unprioritized|4,DEL|feature_ablation|RP5-1092A11.5|ENSG00000227589|unprioritized|4,DEL|feature_ablation|RP5-1166F10.1|ENSG00000235054|unprioritized|4,DEL|feature_ablation|RPL22|ENSG00000116251|key_tsgene|3,DEL|feature_ablation|SMIM1|ENSG00000235169|unprioritized|4,DEL|feature_ablation|TAS1R1|ENSG00000173662|unprioritized|4,DEL|feature_ablation|TNFRSF25|ENSG00000215788|unprioritized|4,DEL|feature_ablation|TP73|ENSG00000078900|unprioritized|4,DEL|feature_ablation|TP73-AS1|ENSG00000227372&ENSG00000276189|unprioritized|4,DEL|feature_ablation|ZBTB48|ENSG00000204859|unprioritized|4,DEL|gene_fusion|KLHL21&RP5-1092A11.5|ENSG00000227589|unknown|4,DEL|transcript_ablation|ACOT7|ENST00000377845_exon_4/9&ENST00000377842_exon_4/9&ENST00000377855_exon_4/9&ENST00000361521_exon_4/9&ENST00000545482_exon_4/9|unprioritized|4,DEL|transcript_ablation|AJAP1|ENST00000378191_exon_1/6|unprioritized|4,DEL|transcript_ablation|C1orf174|ENST00000361605_exon_1/4|unprioritized|4,DEL|transcript_ablation|CCDC27|ENST00000294600_exon_4/12|unprioritized|4,DEL|transcript_ablation|CEP104|ENST00000378230_exon_16/22|unprioritized|4,DEL|transcript_ablation|CHD5|ENST00000262450_exon_3/42|key_tsgene|3,DEL|transcript_ablation|DFFB|ENST00000338895_exon_6/7&ENST00000378209_exon_7/7|unprioritized|4,DEL|transcript_ablation|ESPN|ENST00000636330_exon_2/11&ENST00000377828_exon_10/13|unprioritized|4,DEL|transcript_ablation|GPR153|ENST00000377893_exon_5/6|unprioritized|4,DEL|transcript_ablation|HES2|ENST00000377834_exon_1/4|unprioritized|4,DEL|transcript_ablation|HES3|ENST00000377898_exon_1/4|unprioritized|4,DEL|transcript_ablation|ICMT|ENST00000343813_exon_2/5|unprioritized|4,DEL|transcript_ablation|KCNAB2|ENST00000341524_exon_11/16&ENST00000164247_exon_11/16&ENST00000352527_exon_10/15&ENST00000378092_exon_10/15|unprioritized|4,DEL|transcript_ablation|KLHL21|ENST00000377658_exon_2/4|unprioritized|4,DEL|transcript_ablation|LRRC47|ENST00000378251_exon_4/7|unprioritized|4,DEL|transcript_ablation|NOL9|ENST00000377705_exon_1/12|unprioritized|4,DEL|transcript_ablation|NPHP4|ENST00000622020_exon_5/20&ENST00000378156_exon_27/30|unprioritized|4,DEL|transcript_ablation|PLEKHG5|ENST00000400915_exon_3/22&ENST00000377740_exon_3/22&ENST00000377748_exon_3/22&ENST00000535355_exon_2/21&ENST00000377732_exon_2/21&ENST00000377725_exon_22/22&ENST00000400913_exon_12/21&ENST00000537245_exon_3/22|unprioritized|4,DEL|transcript_ablation|RNF207|ENST00000377939_exon_3/18|unprioritized|4,DEL|transcript_ablation|RPL22|ENST00000484532_exon_1/3&ENST00000234875_exon_2/4|key_tsgene|3,DEL|transcript_ablation|SMIM1|ENST00000444870_exon_1/4|unprioritized|4,DEL|transcript_ablation|TAS1R1|ENST00000333172_exon_5/6|unprioritized|4,DEL|transcript_ablation|TNFRSF25|ENST00000351959_exon_1/9&ENST00000356876_exon_8/10&ENST00000377782_exon_8/10|unprioritized|4,DEL|transcript_ablation|TP73|ENST00000378290_exon_6/12&ENST00000378280_exon_10/11&ENST00000378285_exon_6/11&ENST00000603362_exon_7/11&ENST00000604479_exon_7/11&ENST00000378288_exon_6/12|unprioritized|4,DEL|transcript_ablation|ZBTB48|ENST00000377674_exon_8/11|unprioritized|4	0.40700000524520874,0.3499999940395355	1.8899999856948853,2.009999990463257	0.9390000104904175,1.0700000524520874	0.7360000014305115		3660719	6613141	MantaDEL:624:0:2:0:0:0	
manta	sampleA	chr1	243760053	244430355	DEL	86,34		136,66	0.35100001096725464,0.3059999942779541	258	1	DEL|feature_ablation|AKT3|ENSG00000117020|key_gene|3,DEL|gene_fusion|AKT3&ADSS|ENSG00000117020|known_promiscuous|1	0.38999998569488525,0.3400000035762787	2.009999990463257,2.009999990463257	1.0299999713897705,1.0299999713897705	0.734000027179718		243760053	244430355	MantaDEL:27078:0:1:0:0:0	
manta	sampleA	chr2	51465287	51693169	DEL	79,36		107,76	0.3779999911785126,0.32499998807907104	306	4	DEL|TFBS_ablation||MA0488&MA0303&MA0139&MA0099&MA0489|unprioritized|4	0.41999998688697815,0.3610000014305115	2.009999990463257,2.0299999713897705	1.0199999809265137,1.0399999618530273	0.7870000004768372		51465287	51693169	MantaDEL:33976:0:1:0:0:0	
manta	sampleA	chr3	143168614	143171553	DEL	82,18		116,69	0.4000000059604645,0.382999986410141	242	4	DEL|TFBS_ablation||MA0489|unprioritized|4,DEL|intergenic_region|RP11-80H8.4-PBX2P1|ENSG00000241679-ENSG00000244171|unprioritized|4	0.4440000057220459,0.42500001192092896	2.0199999809265137,2.0399999618530273	0.8690000176429749,0.890999972820282	0.8799999952316284		143168614	143171553	MantaDEL:68177:0:1:0:0:0	
manta	sampleA	chr4	50234822	51210240	DEL			21,7	0.054999999701976776,0.006012000143527985	30	4	DEL|intergenic_region|SNX18P25-DCUN1D4|ENSG00000249337-ENSG00000109184|unprioritized|4	0.061000000685453415,0.006670000031590462	1.9800000190734863,2.0299999713897705	0.06700000166893005,0.06700000166893005	0.06700000166893005		50234554	51210010	MantaDEL:2:11133:11256:0:0:0	
manta	sampleA	chr4	108131468	108167263	DEL	87,39		115,71	0.38600000739097595,0.3720000088214874	305	2	DEL|TFBS_ablation||MA0139&MA0281&MA0366&MA0337&MA0079&MA0341&MA0471&MA0162|unprioritized|4,DEL|exon_loss_variant|LEF1|ENST00000265165_exon_3/12&ENST00000379951_exon_3/10&ENST00000438313_exon_3/11&ENST00000379951_exon_2/10&ENST00000438313_exon_2/11&ENST00000265165_exon_2/12|key_gene|2	0.42800000309944153,0.41200000047683716	2.0299999713897705,2.059999942779541	0.9290000200271606,0.953000009059906	0.859000027179718		108131468	108167263	MantaDEL:84885:0:1:0:0:0	
manta	sampleA	chr4	128687211	129621962	DEL	92,33		137,69	0.3709999918937683,0.375	230	4	DEL|feature_ablation|JADE1&C4orf33&RP11-392L5.2&RP11-419L4.1&AC093826.1&RP11-209D20.2&SCLT1&JADRR&RP11-378N18.1&ZSWIM5P3||unprioritized|4	0.41100001335144043,0.41600000858306885	2.059999942779541,2.0299999713897705	0.9139999747276306,0.8859999775886536	0.843999981880188		128687211	129621962	MantaDEL:86803:0:1:0:0:0	
manta	sampleA	chr6	29862419	30349237	DEL	53,35		106,74	0.45399999618530273,0.41999998688697815	246	3	DEL|feature_ablation|HLA-A||key_gene|3	0.5040000081062317,0.4659999907016754	2.0199999809265137,2.0199999809265137	1.0199999809265137,1.0199999809265137	0.9779999852180481		29862419	30349237	MantaDEL:114944:0:1:0:0:0	
manta	sampleA	chr6	30906388	31710033	DEL	76,29		111,63	0.3490000069141388,0.3100000023841858	238	3	DEL|feature_ablation|HLA-B&HLA-C&LTB&POU5F1|ENSG00000204422|key_gene|3	0.3869999945163727,0.3440000116825104	2.0199999809265137,2.0	0.7009999752044678,0.6899999976158142	0.7360000014305115		30906388	31710033	MantaDEL:115341:0:2:0:0:0	
manta	sampleA	chr6	69755561	69768629	DUP	133,25		193,75	0.25999999046325684,0.28299999237060547	200	4	DUP:TANDEM|intron_variant|LMBRD1|ENST00000370577_exon_3/15|unprioritized|4	0.27900001406669617,0.30300000309944153	3.0799999237060547,3.0799999237060547	1.090000033378601,1.059999942779541	0.8970000147819519		69755561	69768629	MantaDUP:TANDEM:119667:0:1:0:0:0	
manta	sampleA	chr6	111704999	111705437	DEL	92,7		181,0	0.1599999964237213,0.20600000023841858	32	3	T|intron_variant|FYN|ENST00000368682_exon_6/13&ENST00000368678_exon_5/12&ENST00000368667_exon_5/12&ENST00000354650_exon_6/13&ENST00000538466_exon_3/10|key_gene|3	0.17800000309944153,0.2290000021457672	2.0199999809265137,2.0199999809265137	0.41100001335144043,0.4099999964237213	0.41100001335144043		111705006	111705444	MantaDEL:123395:0:1:0:0:0	
manta	sampleA	chr7	38253405	38358513	DEL	40,32		70,67	0.6729999780654907,0.42399999499320984	368	4	DEL|bidirectional_gene_fusion|TRGJ2&TRG-AS1|ENSG00000211687|unprioritized|4,DEL|feature_ablation|TRGJ1&TRGV5&TRGV10&TRGJP1&TRGC1&TRGV8&TRG-AS1&TRGJ2&TRGJP2&TRGJP&TRGV11&TRGV3&TRGVB&AC006033.22&TRGV4&TRGV9&TRGV5P&RP11-121A8.1&TRGV7&TRGVA&TRGV6|ENSG00000211687|unprioritized|4,DEL|gene_fusion|TRGJ2&TRGV3|ENSG00000211687|unknown|4	0.746999979019165,0.47099998593330383	2.0199999809265137,2.0	1.2300000190734863,1.059999942779541	1.2300000190734863		38253405	38358513	MantaDEL:133865:0:1:0:0:0	
manta	sampleA	chr7	38253418	38335039	DEL	11,32		15,49	0.6710000038146973,0.8029999732971191	518	4	DEL|feature_ablation|RP11-121A8.1&TRGJP&TRGV11&TRGV8&TRGVB&AC006033.22&TRGJ1&TRGV10&TRGJ2&TRGJP1&TRGVA&TRGC1&TRGV9&TRGJP2|ENSG00000211687|unprioritized|4	0.859000027179718,0.9909999966621399	0.7950000166893005,0.9490000009536743	0.7950000166893005,0.9490000009536743	0.8109999895095825		38253418	38335039	MantaDEL:133865:0:2:0:0:0	
manta	sampleA	chr7	57900001		BND						4	BND|no_func_effect|||unprioritized|4		2.509999990463257	0.503000020980835	0.503000020980835	INFERRED			purple_0	
manta	sampleA	chr7	62359000		BND						4	BND|no_func_effect|||unprioritized|4		2.4700000286102295	0.5210000276565552	0.5210000276565552	INFERRED			purple_1	
manta	sampleA	chr7	77168143		BND			180,9	0.04500000178813934,0.057999998331069946	50	4	T]CHR7:102702710]|transcript_ablation|CCDC146|ENST00000285871_exon_2/18|unprioritized|4	0.05000000074505806,0.06400000303983688	1.9500000476837158,2.009999990463257	-0.060520000755786896,0.0018700000364333391	0.11400000005960464		77167955	102702580	MantaBND:2:18635:23258:0:0:0:1	MantaBND:2:18635:23258:0:0:0:0
manta	sampleA	chr7	102702710		BND			180,9	0.057999998331069946,0.04500000178813934	50	4	T]CHR7:77168143]|transcript_ablation|CCDC146|ENST00000285871|unprioritized|4	0.06400000303983688,0.05000000074505806	2.009999990463257,1.9500000476837158	0.0018700000364333391,-0.060520000755786896	0.11400000005960464		102702580	77167955	MantaBND:2:18635:23258:0:0:0:0	MantaBND:2:18635:23258:0:0:0:1
manta	sampleA	chr7	142309039	142797459	DEL	125,37		168,62	0.24199999868869781,0.36899998784065247	184	3	DEL|feature_ablation|PRSS1|ENSG00000237702|key_gene|3,DEL|gene_fusion|TRBC2&TRBV3-1|ENSG00000237702|unknown|4,DEL|gene_fusion|TRBJ2-7&TRBV3-1|ENSG00000237702|unknown|4	0.26899999380111694,0.4099999964237213	2.009999990463257,1.9800000190734863	0.6759999990463257,0.6759999990463257	0.6759999990463257		142309039	142797459	MantaDEL:2:43472:43473:0:4:0	
manta	sampleA	chr7	142389668	142796849	DEL	13,39		24,65	0.75,0.7580000162124634	561	3	DEL|feature_ablation|PRSS1|ENSG00000211772|key_gene|3	0.875,0.8870000243186951	1.3300000429153442,1.2999999523162842	1.3300000429153442,1.2999999523162842	1.159999966621399		142389668	142796849	MantaDEL:2:43473:43500:0:0:0	
manta	sampleA	chr8	70067891		BND	65,28		94,43	0.33799999952316284,0.37700000405311584	187	3	CCCAATTAGATAA]CHR8:70106277]|transcript_ablation|PRDM14|ENST00000276594_exon_4/7|key_gene|3	0.375,0.4690000116825104	2.009999990463257,0.9139999747276306	1.100000023841858,0.11999999731779099	0.5920000076293945		70067891	70106277	MantaBND:154885:1:2:0:0:0:1	MantaBND:154885:1:2:0:0:0:0
manta	sampleA	chr8	70106277		BND	65,28		94,43	0.37700000405311584,0.33799999952316284	187	3	TTTATCTAATTGG]CHR8:70067891]|feature_fusion||ENST00000452400&ENSG00000253173-ENSG00000140396|unprioritized|4,TTTATCTAATTGG]CHR8:70067891]|transcript_ablation|PRDM14|ENST00000276594|key_gene|3	0.4690000116825104,0.375	0.9139999747276306,2.009999990463257	0.11999999731779099,1.100000023841858	0.5920000076293945		70106277	70067891	MantaBND:154885:1:2:0:0:0:0	MantaBND:154885:1:2:0:0:0:1
manta	sampleA	chr8	70106311	70121311	DEL	71,25		127,47	0.3790000081062317,0.25699999928474426	177	2	DEL|TFBS_ablation||MA0139|unprioritized|4,DEL|downstream_gene_variant|NCOA2|ENST00000452400_exon_23/23|near_key_gene|3,DEL|exon_loss_variant|NCOA2|ENST00000452400_exon_23/23|key_gene|2,DEL|frameshift_variant&stop_lost|NCOA2|ENST00000452400_exon_23/23|key_gene|3,DEL|intergenic_region|RP11-152C15.1-NCOA2|ENSG00000253173-ENSG00000140396|unprioritized|4	0.48500001430511475,0.2849999964237213	0.7940000295639038,2.0199999809265137	-0.1890999972820282,1.0299999713897705	0.47999998927116394		70106311	70121311	MantaDEL:154885:0:1:0:0:0	
manta	sampleA	chr8	100258402	100308883	DEL	71,24		136,56	0.3179999887943268,0.3140000104904175	217	4	DEL|bidirectional_gene_fusion|RNF19A&SPAG1|ENSG00000104450|unprioritized|4	0.3529999852180481,0.3490000069141388	2.0199999809265137,2.009999990463257	0.9800000190734863,0.9739999771118164	0.7059999704360962		100258402	100308883	MantaDEL:157408:0:1:0:0:0	
manta	sampleA	chr9	8812384	8812386	INS	53,70		1,0	0.41600000858306885,0.33899998664855957	93	4	GAGGACTAGTTGGGTAAAGTTTCCATGTATTTGCTAATTAAGAATCCCCTGCTTTGGTAAACTTATATCCATCAATTCCC|no_prio_effect|||unprioritized|4	0.460999995470047,0.3630000054836273	2.0399999618530273,3.119999885559082	0.0,0.5289999842643738	1.0399999618530273		8812384	8812386	MantaINS:162871:0:0:0:0:0	
manta	sampleA	chr9	8812386	8812464	DUP	98,62		94,0	0.32600000500679016,0.3230000138282776	152	4	DUP:TANDEM|no_prio_effect|||unprioritized|4	0.3490000069141388,0.34599998593330383	3.119999885559082,3.119999885559082	0.5529999732971191,1.090000033378601	1.0800000429153442		8812386	8812464	MantaDUP:TANDEM:162871:0:1:0:1:0	
manta	sampleA	chr9	21057319	22158856	DEL	9,103		17,129	0.777999997138977,0.7599999904632568	526	3	DEL|chromosome_number_variation|9||chrom_9|3,DEL|feature_ablation|CDKN2A|ENSG00000147889|key_tsgene|3,DEL|feature_ablation|CDKN2A-AS1|ENSG00000224854|unprioritized|4,DEL|feature_ablation|CDKN2B|ENSG00000147883|key_tsgene|3,DEL|feature_ablation|CDKN2B-AS|ENSG00000277653|unprioritized|4,DEL|feature_ablation|CDKN2B-AS1|ENSG00000240498|unprioritized|4,DEL|feature_ablation|CDKN2B-AS_3|ENSG00000274055|unprioritized|4,DEL|feature_ablation|ERVFRD-3|ENSG00000264801|unprioritized|4,DEL|feature_ablation|IFNA1|ENSG00000197919|unprioritized|4,DEL|feature_ablation|IFNA10|ENSG00000186803|unprioritized|4,DEL|feature_ablation|IFNA11P|ENSG00000231195|unprioritized|4,DEL|feature_ablation|IFNA12P|ENSG00000235108|unprioritized|4,DEL|feature_ablation|IFNA13|ENSG00000233816|unprioritized|4,DEL|feature_ablation|IFNA14|ENSG00000228083|unprioritized|4,DEL|feature_ablation|IFNA16|ENSG00000147885|unprioritized|4,DEL|feature_ablation|IFNA17|ENSG00000234829|unprioritized|4,DEL|feature_ablation|IFNA2|ENSG00000188379|unprioritized|4,DEL|feature_ablation|IFNA20P|ENSG00000226393|unprioritized|4,DEL|feature_ablation|IFNA21|ENSG00000137080|unprioritized|4,DEL|feature_ablation|IFNA22P|ENSG00000224416|unprioritized|4,DEL|feature_ablation|IFNA4|ENSG00000236637|unprioritized|4,DEL|feature_ablation|IFNA5|ENSG00000147873|unprioritized|4,DEL|feature_ablation|IFNA6|ENSG00000120235|unprioritized|4,DEL|feature_ablation|IFNA7|ENSG00000214042|unprioritized|4,DEL|feature_ablation|IFNA8|ENSG00000120242|unprioritized|4,DEL|feature_ablation|IFNB1|ENSG00000171855|unprioritized|4,DEL|feature_ablation|IFNE|ENSG00000184995|unprioritized|4,DEL|feature_ablation|IFNNP1|ENSG00000230208|unprioritized|4,DEL|feature_ablation|IFNW1|ENSG00000177047|unprioritized|4,DEL|feature_ablation|IFNW1&CDKN2B-AS1&IFNWP19&CDKN2B&KLHL9&Y_RNA&CDKN2A-AS1&IFNA17&IFNA8&CDKN2A&RP11-145E5.5&TUBB8P1&RN7SL151P&IFNA1&IFNA4&IFNA6&IFNA11P&CDKN2B-AS&ERVFRD-3&IFNA16&IFNA22P&IFNE&MIR31&MIR31HG&IFNWP18&RP11-70L8.4&IFNWP4&IFNA20P&RP11-354P17.15&IFNA7&IFNA14&RP11-344A7.1&IFNNP1&IFNB1&IFNA13&RP11-113D19.9&CDKN2B-AS_3&SNORD39&IFNA10&KHSRPP1&IFNA2&RP11-149I2.4&IFNWP15&IFNA12P&IFNWP2&IFNWP5&IFNA5&IFNWP9&MTAP&UBA52P6&IFNA21&RP11-70L8.5||key_tsgene|3,DEL|feature_ablation|IFNWP15|ENSG00000232281|unprioritized|4,DEL|feature_ablation|IFNWP18|ENSG00000223684|unprioritized|4,DEL|feature_ablation|IFNWP19|ENSG00000238271|unprioritized|4,DEL|feature_ablation|IFNWP2|ENSG00000237691|unprioritized|4,DEL|feature_ablation|IFNWP4|ENSG00000225027|unprioritized|4,DEL|feature_ablation|IFNWP5|ENSG00000232138|unprioritized|4,DEL|feature_ablation|IFNWP9|ENSG00000226597|unprioritized|4,DEL|feature_ablation|KHSRPP1|ENSG00000229835|unprioritized|4,DEL|feature_ablation|KLHL9|ENSG00000198642|unprioritized|4,DEL|feature_ablation|MIR31|ENSG00000199177|unprioritized|4,DEL|feature_ablation|MIR31HG|ENSG00000171889|unprioritized|4,DEL|feature_ablation|MTAP|ENSG00000099810|key_gene|3,DEL|feature_ablation|RN7SL151P|ENSG00000244230|unprioritized|4,DEL|feature_ablation|RP11-113D19.9|ENSG00000275980|unprioritized|4,DEL|feature_ablation|RP11-145E5.5|ENSG00000264545|unprioritized|4,DEL|feature_ablation|RP11-149I2.4|ENSG00000266446|unprioritized|4,DEL|feature_ablation|RP11-344A7.1|ENSG00000227443|unprioritized|4,DEL|feature_ablation|RP11-354P17.15|ENSG00000261696|unprioritized|4,DEL|feature_ablation|RP11-70L8.4|ENSG00000265194|unprioritized|4,DEL|feature_ablation|RP11-70L8.5|ENSG00000279670|unprioritized|4,DEL|feature_ablation|SNORD39|ENSG00000264379|unprioritized|4,DEL|feature_ablation|TUBB8P1|ENSG00000229298|unprioritized|4,DEL|feature_ablation|UBA52P6|ENSG00000215221|unprioritized|4,DEL|feature_ablation|Y_RNA|ENSG00000199635|unprioritized|4,DEL|transcript_ablation|CDKN2A|ENST00000579755_exon_1/3|key_tsgene|3,DEL|transcript_ablation|CDKN2B|ENST00000276925_exon_2/2|key_tsgene|3,DEL|transcript_ablation|IFNA1|ENST00000276927_exon_1/1|unprioritized|4,DEL|transcript_ablation|IFNA10|ENST00000357374_exon_1/1|unprioritized|4,DEL|transcript_ablation|IFNA13|ENST00000610660_exon_1/1&ENST00000449498_exon_1/1|unprioritized|4,DEL|transcript_ablation|IFNA14|ENST00000380222_exon_1/1|unprioritized|4,DEL|transcript_ablation|IFNA16|ENST00000380216_exon_1/1|unprioritized|4,DEL|transcript_ablation|IFNA17|ENST00000413767_exon_1/1|unprioritized|4,DEL|transcript_ablation|IFNA2|ENST00000380206_exon_1/1|unprioritized|4,DEL|transcript_ablation|IFNA21|ENST00000380225_exon_1/1|unprioritized|4,DEL|transcript_ablation|IFNA4|ENST00000421715_exon_1/1|unprioritized|4,DEL|transcript_ablation|IFNA5|ENST00000610521_exon_1/1|unprioritized|4,DEL|transcript_ablation|IFNA6|ENST00000380210_exon_1/1|unprioritized|4,DEL|transcript_ablation|IFNA7|ENST00000239347_exon_1/1|unprioritized|4,DEL|transcript_ablation|IFNA8|ENST00000380205_exon_1/1|unprioritized|4,DEL|transcript_ablation|IFNB1|ENST00000380232_exon_1/1|unprioritized|4,DEL|transcript_ablation|IFNE|ENST00000448696_exon_1/1|unprioritized|4,DEL|transcript_ablation|IFNW1|ENST00000380229_exon_1/1|unprioritized|4,DEL|transcript_ablation|KLHL9|ENST00000359039_exon_1/1|unprioritized|4,DEL|transcript_ablation|RP11-145E5.5|ENST00000404796_exon_2/6|unprioritized|4	0.8629999756813049,0.843999981880188	2.0299999713897705,2.0	2.0299999713897705,2.0	1.7200000286102295		21057319	22158856	MantaDEL:164020:0:1:0:0:0	
manta	sampleA	chr9	36050001		BND						4	BND|no_func_effect|||unprioritized|4		2.009999990463257	0.009999999776482582	0.009999999776482582	INFERRED			purple_2	
manta	sampleA	chr10	101127982		BND	47,22		56,45	0.31299999356269836,0.6769999861717224	258	4	T[CHR14:22449125[|no_prio_effect|||unprioritized|4	0.3479999899864197,0.8259999752044678	2.009999990463257,1.0099999904632568	0.8880000114440918,1.0099999904632568	0.765999972820282		101127983	22449125	MantaBND:185716:0:1:0:0:0:0	MantaBND:185716:0:1:0:0:0:1
manta	sampleA	chr10	101127994		BND			60,59	0.4749999940395355,0.8529999852180481	269	4	[CHR14:22430582[A|no_prio_effect|||unprioritized|4	0.527999997138977,0.9480000138282776	1.9800000190734863,2.0	0.8560000061988831,0.996999979019165	1.4700000286102295		101127987	22430592	MantaBND:185716:0:2:0:0:0:0	MantaBND:185716:0:2:0:0:0:1
manta	sampleA	chr11	9681908	12190826	DEL	83,29		103,71	0.4230000078678131,0.36899998784065247	216	3	DEL|chromosome_number_variation|11||chrom_11|3,DEL|exon_loss_variant|SWAP70|ENST00000318950_exon_10/12&ENST00000318950_exon_7/12&ENST00000318950_exon_5/12&ENST00000318950_exon_11/12&ENST00000318950_exon_12/12&ENST00000318950_exon_6/12&ENST00000318950_exon_3/12&ENST00000318950_exon_2/12&ENST00000318950_exon_9/12&ENST00000318950_exon_4/12&ENST00000318950_exon_8/12|unprioritized|3,DEL|feature_ablation|ADM|ENSG00000148926|unprioritized|4,DEL|feature_ablation|AMPD3|ENSG00000133805|unprioritized|4,DEL|feature_ablation|CSNK2A3|ENSG00000254598|unprioritized|4,DEL|feature_ablation|CTD-2003C8.2|ENSG00000250041|unprioritized|4,DEL|feature_ablation|CTD-2381F24.1|ENSG00000255492|unprioritized|4,DEL|feature_ablation|CTD-3224I3.3|ENSG00000255260|unprioritized|4,DEL|feature_ablation|CTR9|ENSG00000133789&ENSG00000198730|key_gene|3,DEL|feature_ablation|DKK3|ENSG00000050165|unprioritized|4,DEL|feature_ablation|EIF4G2|ENSG00000110321|unprioritized|4,DEL|feature_ablation|GALNT18|ENSG00000110328|unprioritized|4,DEL|feature_ablation|LYVE1|ENSG00000133800|unprioritized|4,DEL|feature_ablation|MICAL2|ENSG00000133816|unprioritized|4,DEL|feature_ablation|MIR4299|ENSG00000266645|unprioritized|4,DEL|feature_ablation|MIR6124|ENSG00000275373|unprioritized|4,DEL|feature_ablation|MIR8070|ENSG00000278529|unprioritized|4,DEL|feature_ablation|MRVI1|ENSG00000072952|unprioritized|4,DEL|feature_ablation|MRVI1-AS1|ENSG00000177112|unprioritized|4,DEL|feature_ablation|MTND5P21|ENSG00000255123|unprioritized|4,DEL|feature_ablation|MTRNR2L8|ENSG00000255823|unprioritized|4,DEL|feature_ablation|RNF141|ENSG00000110315|unprioritized|4,DEL|feature_ablation|RNU6ATAC33P|ENSG00000221574|unprioritized|4,DEL|feature_ablation|RNU7-28P|ENSG00000252568|unprioritized|4,DEL|feature_ablation|RP11-179A10.1|ENSG00000254401|unprioritized|4,DEL|feature_ablation|RP11-179A10.2|ENSG00000254957|unprioritized|4,DEL|feature_ablation|RP11-179A10.3|ENSG00000270897|unprioritized|4,DEL|feature_ablation|RP11-1H15.1|ENSG00000254765|unprioritized|4,DEL|feature_ablation|RP11-1H15.2|ENSG00000255476|unprioritized|4,DEL|feature_ablation|RP11-351I24.1|ENSG00000254554|unprioritized|4,DEL|feature_ablation|RP11-351I24.3|ENSG00000254719|unprioritized|4,DEL|feature_ablation|RP11-483L5.1|ENSG00000255462|unprioritized|4,DEL|feature_ablation|RP11-540A21.2|ENSG00000245522|unprioritized|4,DEL|feature_ablation|RP11-567I13.1|ENSG00000255351|unprioritized|4,DEL|feature_ablation|RP11-685M7.3|ENSG00000246308|unprioritized|4,DEL|feature_ablation|RP11-685M7.5|ENSG00000255125|unprioritized|4,DEL|feature_ablation|RP11-748C4.1|ENSG00000254865|unprioritized|4,DEL|feature_ablation|RP11-756D7.1|ENSG00000255309|unprioritized|4,DEL|feature_ablation|RP11-756D7.2|ENSG00000280288|unprioritized|4,DEL|feature_ablation|RP13-631K18.2|ENSG00000254486|unprioritized|4,DEL|feature_ablation|RP13-631K18.3|ENSG00000254991|unprioritized|4,DEL|feature_ablation|RP13-631K18.5|ENSG00000255400|unprioritized|4,DEL|feature_ablation|SBF2|ENSG00000133812|unprioritized|4,DEL|feature_ablation|SBF2-AS1|ENSG00000246273|unprioritized|4,DEL|feature_ablation|SNORD97|ENSG00000238622|unprioritized|4,DEL|feature_ablation|SWAP70|ENSG00000133789|unprioritized|4,DEL|feature_ablation|USP47|ENSG00000170242|unprioritized|4,DEL|feature_ablation|Y_RNA|ENSG00000206858|unprioritized|4,DEL|feature_ablation|ZBED5|ENSG00000236287|unprioritized|4,DEL|feature_ablation|ZBED5-AS1|ENSG00000247271|unprioritized|4,DEL|gene_fusion|MICAL2&SWAP70|ENSG00000133789|unknown|4,DEL|transcript_ablation|ADM|ENST00000278175_exon_3/4|unprioritized|4,DEL|transcript_ablation|AMPD3|ENST00000396554_exon_1/15&ENST00000529507_exon_7/15&ENST00000528723_exon_7/15&ENST00000396553_exon_7/15|unprioritized|4,DEL|transcript_ablation|CSNK2A3|ENST00000528848_exon_1/1|unprioritized|4,DEL|transcript_ablation|CTR9|ENST00000361367_exon_11/25|key_gene|3,DEL|transcript_ablation|DKK3|ENST00000326932_exon_1/8|unprioritized|4,DEL|transcript_ablation|EIF4G2|ENST00000532082_exon_5/10&ENST00000531416_exon_5/14|unprioritized|4,DEL|transcript_ablation|GALNT18|ENST00000227756_exon_5/11|unprioritized|4,DEL|transcript_ablation|LYVE1|ENST00000256178_exon_3/6|unprioritized|4,DEL|transcript_ablation|MRVI1|ENST00000541483_exon_14/20&ENST00000558540_exon_15/21&ENST00000424001_exon_13/19&ENST00000423302_exon_15/21&ENST00000547195_exon_6/19&ENST00000534266_exon_6/19&ENST00000531107_exon_14/20&ENST00000527509_exon_15/21|unprioritized|4,DEL|transcript_ablation|MTRNR2L8|ENST00000536684_exon_1/1|unprioritized|4,DEL|transcript_ablation|RNF141|ENST00000265981_exon_2/6|unprioritized|4,DEL|transcript_ablation|SBF2|ENST00000256190_exon_39/40|unprioritized|4,DEL|transcript_ablation|USP47|ENST00000527733_exon_19/28&ENST00000399455_exon_20/29|unprioritized|4,DEL|transcript_ablation|ZBED5|ENST00000432999_exon_2/3|unprioritized|4	0.47099998593330383,0.4099999964237213	1.9700000286102295,2.0	0.9639999866485596,0.9879999756813049	0.8730000257492065		9681908	12190826	MantaDEL:191041:0:1:0:0:0	
manta	sampleA	chr11	48321368		BND			201,11	0.05700000002980232,0.06300000101327896	51	4	A]CHR11:50058044]|feature_fusion||ENST00000319856&ENSG00000176555-ENSG00000176547|unprioritized|4	0.06300000101327896,0.07000000029802322	2.0,2.1500000953674316	-0.1501999944448471,-0.02500000037252903	0.1379999965429306		48321158	50058044	MantaBND:194859:0:1:0:0:0:1	MantaBND:194859:0:1:0:0:0:0
manta	sampleA	chr11	50058044		BND			201,11	0.06300000101327896,0.05700000002980232	51	4	T]CHR11:48321368]|feature_fusion||ENSG00000260595-ENSG00000255199|unprioritized|4	0.07000000029802322,0.06300000101327896	2.1500000953674316,2.0	-0.02500000037252903,-0.1501999944448471	0.1379999965429306		50058044	48321158	MantaBND:194859:0:1:0:0:0:0	MantaBND:194859:0:1:0:0:0:1
manta	sampleA	chr12	8384896	15602592	DEL	65,29		96,69	0.453000009059906,0.4560000002384186	255	3	DEL|chromosome_number_variation|12||chrom_12|3,DEL|feature_ablation|A2M|ENSG00000175899|unprioritized|4,DEL|feature_ablation|A2M-AS1|ENSG00000245105|unprioritized|4,DEL|feature_ablation|A2ML1|ENSG00000166535|unprioritized|4,DEL|feature_ablation|A2ML1-AS1|ENSG00000256661|unprioritized|4,DEL|feature_ablation|A2ML1-AS2|ENSG00000256904|unprioritized|4,DEL|feature_ablation|A2MP1|ENSG00000256069|unprioritized|4,DEL|feature_ablation|AC091814.2|ENSG00000225231|unprioritized|4,DEL|feature_ablation|AC091814.3|ENSG00000231560|unprioritized|4,DEL|feature_ablation|AICDA|ENSG00000111732|unprioritized|4,DEL|feature_ablation|APOLD1|ENSG00000178878|unprioritized|4,DEL|feature_ablation|ARHGDIB|ENSG00000111348|unprioritized|4,DEL|feature_ablation|ART4|ENSG00000111339|unprioritized|4,DEL|feature_ablation|ATF7IP|ENSG00000171681|key_gene|3,DEL|feature_ablation|BCL2L14|ENSG00000121380|unprioritized|4,DEL|feature_ablation|BORCS5|ENSG00000165714|unprioritized|4,DEL|feature_ablation|BTG1P1|ENSG00000256720|unprioritized|4,DEL|feature_ablation|C12orf60|ENSG00000182993|unprioritized|4,DEL|feature_ablation|CD69|ENSG00000110848|unprioritized|4,DEL|feature_ablation|CDKN1B|ENSG00000111276|key_tsgene|3,DEL|feature_ablation|CLEC12A|ENSG00000172322|unprioritized|4,DEL|feature_ablation|CLEC12B|ENSG00000256660|unprioritized|4,DEL|feature_ablation|CLEC1A|ENSG00000150048|unprioritized|4,DEL|feature_ablation|CLEC1B|ENSG00000165682|unprioritized|4,DEL|feature_ablation|CLEC2A|ENSG00000188393|unprioritized|4,DEL|feature_ablation|CLEC2B|ENSG00000110852|unprioritized|4,DEL|feature_ablation|CLEC2D|ENSG00000069493|unprioritized|4,DEL|feature_ablation|CLEC4D|ENSG00000166527|unprioritized|4,DEL|feature_ablation|CLEC4E|ENSG00000166523|unprioritized|4,DEL|feature_ablation|CLEC6A|ENSG00000205846|unprioritized|4,DEL|feature_ablation|CLEC7A|ENSG00000172243|unprioritized|4,DEL|feature_ablation|CLEC9A|ENSG00000197992|unprioritized|4,DEL|feature_ablation|CLECL1|ENSG00000184293|unprioritized|4,DEL|feature_ablation|CREBL2|ENSG00000111269|unprioritized|4,DEL|feature_ablation|CTD-2318O12.1|ENSG00000278635|unprioritized|4,DEL|feature_ablation|DDX12P|ENSG00000214826|unprioritized|4,DEL|feature_ablation|DDX47|ENSG00000213782|unprioritized|4,DEL|feature_ablation|DDX55P1|ENSG00000270863|unprioritized|4,DEL|feature_ablation|DUSP16|ENSG00000111266|unprioritized|4,DEL|feature_ablation|EIF2S3L|ENSG00000180574|unprioritized|4,DEL|feature_ablation|EMP1|ENSG00000134531|unprioritized|4,DEL|feature_ablation|ERP27|ENSG00000139055|unprioritized|4,DEL|feature_ablation|ETV6|ENSG00000139083|key_tsgene|3,DEL|feature_ablation|FAM234B|ENSG00000084444|unprioritized|4,DEL|feature_ablation|GABARAPL1|ENSG00000139112|unprioritized|4,DEL|feature_ablation|GNAI2P1|ENSG00000255749|unprioritized|4,DEL|feature_ablation|GOT2P3|ENSG00000233719|unprioritized|4,DEL|feature_ablation|GPR19|ENSG00000183150|unprioritized|4,DEL|feature_ablation|GPRC5A|ENSG00000013588|key_tsgene|3,DEL|feature_ablation|GPRC5D|ENSG00000111291|unprioritized|4,DEL|feature_ablation|GRIN2B|ENSG00000273079|unprioritized|4,DEL|feature_ablation|GSG1|ENSG00000111305|unprioritized|4,DEL|feature_ablation|GUCY2C|ENSG00000070019|unprioritized|4,DEL|feature_ablation|H2AFJ|ENSG00000246705|unprioritized|4,DEL|feature_ablation|HEBP1|ENSG00000013583|unprioritized|4,DEL|feature_ablation|HIGD1AP8|ENSG00000237303|unprioritized|4,DEL|feature_ablation|HIST4H4|ENSG00000197837|unprioritized|4,DEL|feature_ablation|HNRNPA1P34|ENSG00000213049|unprioritized|4,DEL|feature_ablation|HNRNPABP1|ENSG00000255734|unprioritized|4,DEL|feature_ablation|HSPE1P12|ENSG00000235930|unprioritized|4,DEL|feature_ablation|HTR7P1|ENSG00000183935|unprioritized|4,DEL|feature_ablation|KLRA1P|ENSG00000256667|unprioritized|4,DEL|feature_ablation|KLRB1|ENSG00000111796|unprioritized|4,DEL|feature_ablation|KLRC1|ENSG00000134545|unprioritized|4,DEL|feature_ablation|KLRC2|ENSG00000205809|unprioritized|4,DEL|feature_ablation|KLRC3|ENSG00000205810|unprioritized|4,DEL|feature_ablation|KLRC4|ENSG00000183542|unprioritized|4,DEL|feature_ablation|KLRC4-KLRK1|ENSG00000255819|unprioritized|4,DEL|feature_ablation|KLRD1|ENSG00000134539|unprioritized|4,DEL|feature_ablation|KLRF1|ENSG00000150045|unprioritized|4,DEL|feature_ablation|KLRF2|ENSG00000256797|unprioritized|4,DEL|feature_ablation|KLRG1|ENSG00000139187|unprioritized|4,DEL|feature_ablation|KLRK1|ENSG00000213809|unprioritized|4,DEL|feature_ablation|KRT17P8|ENSG00000256937|unprioritized|4,DEL|feature_ablation|LINC00612|ENSG00000214851|unprioritized|4,DEL|feature_ablation|LINC00937|ENSG00000226091|unprioritized|4,DEL|feature_ablation|LINC00987|ENSG00000237248|unprioritized|4,DEL|feature_ablation|LINC01252|ENSG00000247157|unprioritized|4,DEL|feature_ablation|LINC01489|ENSG00000255727|unprioritized|4,DEL|feature_ablation|LINC01559|ENSG00000180861|unprioritized|4,DEL|feature_ablation|LOH12CR2|ENSG00000205791|unprioritized|4,DEL|feature_ablation|LRP6|ENSG00000070018|unprioritized|4,DEL|feature_ablation|M6PR|ENSG00000003056|unprioritized|4,DEL|feature_ablation|MAGOHB|ENSG00000111196|unprioritized|4,DEL|feature_ablation|MANSC1|ENSG00000111261|unprioritized|4,DEL|feature_ablation|METTL8P1|ENSG00000256283|unprioritized|4,DEL|feature_ablation|MFAP5|ENSG00000197614|unprioritized|4,DEL|feature_ablation|MGP|ENSG00000111341|unprioritized|4,DEL|feature_ablation|MIR1244-3|ENSG00000283429|unprioritized|4,DEL|feature_ablation|MIR1244-4|ENSG00000283475|unprioritized|4,DEL|feature_ablation|MIR613|ENSG00000207983|unprioritized|4,DEL|feature_ablation|MRPS18CP4|ENSG00000255763|unprioritized|4,DEL|feature_ablation|OLR1|ENSG00000173391|unprioritized|4,DEL|feature_ablation|OR7E140P|ENSG00000238152|unprioritized|4,DEL|feature_ablation|OR7E148P|ENSG00000214487|unprioritized|4,DEL|feature_ablation|OR7E149P|ENSG00000177586|unprioritized|4,DEL|feature_ablation|PDE6H|ENSG00000139053|unprioritized|4,DEL|feature_ablation|PHC1|ENSG00000111752|unprioritized|4,DEL|feature_ablation|PLBD1|ENSG00000121316|unprioritized|4,DEL|feature_ablation|PLBD1-AS1|ENSG00000256751|unprioritized|4,DEL|feature_ablation|PRB1|ENSG00000251655|unprioritized|4,DEL|feature_ablation|PRB2|ENSG00000121335|unprioritized|4,DEL|feature_ablation|PRB3|ENSG00000197870|unprioritized|4,DEL|feature_ablation|PRB4|ENSG00000230657|unprioritized|4,DEL|feature_ablation|PRH1|ENSG00000231887|unprioritized|4,DEL|feature_ablation|PRH1-PRR4|ENSG00000275778|unprioritized|4,DEL|feature_ablation|PRH2|ENSG00000134551|unprioritized|4,DEL|feature_ablation|PRR4|ENSG00000111215|unprioritized|4,DEL|feature_ablation|PTMAP4|ENSG00000231503|unprioritized|4,DEL|feature_ablation|PTPRO|ENSG00000151490|key_tsgene|3,DEL|feature_ablation|PZP|ENSG00000126838|unprioritized|4,DEL|feature_ablation|RERG|ENSG00000134533|unprioritized|4,DEL|feature_ablation|RERG-AS1|ENSG00000255660|unprioritized|4,DEL|feature_ablation|RERG-IT1|ENSG00000256650|unprioritized|4,DEL|feature_ablation|RIMKLB|ENSG00000166532|unprioritized|4,DEL|feature_ablation|RN7SKP134|ENSG00000200830|unprioritized|4,DEL|feature_ablation|RN7SKP161|ENSG00000223042|unprioritized|4,DEL|feature_ablation|RN7SKP162|ENSG00000200475|unprioritized|4,DEL|feature_ablation|RNA5SP353|ENSG00000201476|unprioritized|4,DEL|feature_ablation|RNU6-275P|ENSG00000201780|unprioritized|4,DEL|feature_ablation|RNU6-318P|ENSG00000207010|unprioritized|4,DEL|feature_ablation|RNU6-491P|ENSG00000251908|unprioritized|4,DEL|feature_ablation|RNU6-545P|ENSG00000199551|unprioritized|4,DEL|feature_ablation|RNU6-590P|ENSG00000201909|unprioritized|4,DEL|feature_ablation|RNU6-700P|ENSG00000212345|unprioritized|4,DEL|feature_ablation|RNU7-60P|ENSG00000251747|unprioritized|4,DEL|feature_ablation|RP11-113C12.2|ENSG00000243830|unprioritized|4,DEL|feature_ablation|RP11-113C12.8|ENSG00000256136|unprioritized|4,DEL|feature_ablation|RP11-118B22.4|ENSG00000256427|unprioritized|4,DEL|feature_ablation|RP11-133L14.2|ENSG00000256626|unprioritized|4,DEL|feature_ablation|RP11-133L14.5|ENSG00000256803|unprioritized|4,DEL|feature_ablation|RP11-134N1.2|ENSG00000256084|unprioritized|4,DEL|feature_ablation|RP11-144O23.22|ENSG00000256657|unprioritized|4,DEL|feature_ablation|RP11-144O23.8|ENSG00000256651|unprioritized|4,DEL|feature_ablation|RP11-158N24.1|ENSG00000240424|unprioritized|4,DEL|feature_ablation|RP11-174G6.1|ENSG00000214772|unprioritized|4,DEL|feature_ablation|RP11-174G6.5|ENSG00000261324|unprioritized|4,DEL|feature_ablation|RP11-180M15.3|ENSG00000257004|unprioritized|4,DEL|feature_ablation|RP11-180M15.4|ENSG00000256658|unprioritized|4,DEL|feature_ablation|RP11-180M15.4&HIGD1AP8&RP11-502N13.2&C12orf60&A2MP1&CLEC12A&LINC00987&GNAI2P1&RP11-133L14.5&SNORA75&TAS2R18&RP11-267J23.4&KRT17P8&RP11-180M15.3&KLRB1&RNA5SP353&RPL21P136&RP11-174G6.5&SLC25A39P2&PLBD1-AS1&ERP27&KLRC4&RP11-144O23.8&AICDA&RP13-81N3.2&RERG&HEBP1&RP11-20D14.3&PTMAP4&EMP1&BCL2L14&EIF2S3L&RPSAP51&KLRK1&KLRF2&RP11-291B21.2&RP11-267J23.1&LINC01559&LINC01252&CLEC2B&RP11-277P12.9&TMEM52B&HTR7P1&H2AFJ&GPRC5D&CLEC4E&OR7E149P&RP11-113C12.2&KLRC4-KLRK1&RP11-392P7.7&PRB4&Y_RNA&DDX55P1&TAS2R8&RPL30P11&STX8P1&GSG1&PRH2&RP11-705C15.3&TAS2R14&RP11-757G14.3&RNU7-60P&PDE6H&PRR4&TAS2R30&CLEC9A&GABARAPL1&PRB1&RP11-118B22.4&RP11-174G6.1&RP11-705C15.2&RP11-711K1.7&KLRC3&PRB3&SCARNA11&TAS2R13&PRB2&CLEC6A&RP11-392P7.1&RP11-253I19.4&WBP11&RP13-735L24.1&GRIN2B&KLRG1&RNU6-275P&RP11-144O23.22&RP11-277P12.20&SMCO3&CLEC1B&RP11-20D14.6&OR7E148P&RP11-233G1.4&RP11-705C15.5&RP11-158N24.1&RP11-298E10.1&RP11-4N23.4&RP11-133L14.2&SNORD88&CLEC12B&RP11-4N23.1&RP11-259O18.4&RP11-711K1.8&TAS2R42&KLRD1&CLEC4D&CLEC7A&RP11-6K23.1&KLRF1&LRP6&KLRC2&RP11-75L1.1&APOLD1&TPT1P12&HNRNPA1P34&DDX47&TAS2R20&RP11-75L1.6&RN7SKP161&CD69&RP11-392P7.6&RPL23AP66&RP11-180M15.7&RP11-253I19.3&STYK1&RP11-180M15.6&TAS2R64P&RP11-277P12.10&TAS2R12&RP11-561P12.5&ART4&RN7SKP162&A2ML1-AS2&RP11-705C15.4&TAS2R19&LOH12CR2&MIR1244-4&RP11-434C1.4&VDAC2P2&PRH1-PRR4&HIST4H4&A2ML1-AS1&LINC00612&RP11-726G1.1&CLEC2A&RP11-259O18.5&OLR1&RP11-20D14.4&PZP&MANSC1&RP11-673D15.7&TAS2R7&PRH1&RIMKLB&RNU6-590P&SMIM10L1&DUSP16&CLECL1&HSPE1P12&YBX3&METTL8P1&BORCS5&LINC01489&ARHGDIB&HNRNPABP1&RP11-290C10.1&SUPT4H1P2&GPRC5A&TAS2R10&OR7E140P&LINC00937&RN7SKP134&MGP&MFAP5&MAGOHB&TAS2R15P&AC091814.3&RP11-59H1.1&RP11-785H5.2&TAS2R50&GOT2P3&RNU6-700P&RP11-377D9.3&RNU6-318P&RP11-134N1.2&GPR19&M6PR&FAM234B&PTPRO&RNU6-491P&TAS2R43&TAS2R63P&TAS2R31&A2M-AS1&RP11-22B23.2&RPL13AP20&A2ML1&DDX12P&RP11-277P12.6&A2M&PHC1&MIR1244-3&RP11-72J9.1&RERG-IT1&RP11-599J14.2&RP11-113C12.8&CLEC1A&CREBL2&KLRC1&RP11-434C1.2&MRPS18CP4&BTG1P1&RP11-438L7.1&TAS2R9&CLEC2D&GUCY2C&RP11-438L7.3&RP11-525E9.1&CTD-2318O12.1&CDKN1B&RP11-434C1.6&TAS2R46&RNU6-545P&RP11-656E20.5&RP11-75L1.2&ATF7IP&KLRA1P&MIR613&RP11-434C1.5&ETV6&RP11-22B23.1&RERG-AS1&AC091814.2&RP11-377D9.1&PLBD1|ENSG00000226091|key_tsgene|3,DEL|feature_ablation|RP11-180M15.6|ENSG00000275963|unprioritized|4,DEL|feature_ablation|RP11-180M15.7|ENSG00000275560|unprioritized|4,DEL|feature_ablation|RP11-20D14.3|ENSG00000255829|unprioritized|4,DEL|feature_ablation|RP11-20D14.4|ENSG00000256004|unprioritized|4,DEL|feature_ablation|RP11-20D14.6|ENSG00000249790|unprioritized|4,DEL|feature_ablation|RP11-22B23.1|ENSG00000111788|unprioritized|4,DEL|feature_ablation|RP11-22B23.2|ENSG00000255753|unprioritized|4,DEL|feature_ablation|RP11-233G1.4|ENSG00000256339|unprioritized|4,DEL|feature_ablation|RP11-253I19.3|ENSG00000255670|unprioritized|4,DEL|feature_ablation|RP11-253I19.4|ENSG00000271370|unprioritized|4,DEL|feature_ablation|RP11-259O18.4|ENSG00000257105|unprioritized|4,DEL|feature_ablation|RP11-259O18.5|ENSG00000282022|unprioritized|4,DEL|feature_ablation|RP11-267J23.1|ENSG00000242405|unprioritized|4,DEL|feature_ablation|RP11-267J23.4|ENSG00000198134|unprioritized|4,DEL|feature_ablation|RP11-277P12.10|ENSG00000256288|unprioritized|4,DEL|feature_ablation|RP11-277P12.20|ENSG00000245648|unprioritized|4,DEL|feature_ablation|RP11-277P12.6|ENSG00000255641|unprioritized|4,DEL|feature_ablation|RP11-277P12.9|ENSG00000256155|unprioritized|4,DEL|feature_ablation|RP11-290C10.1|ENSG00000255882|unprioritized|4,DEL|feature_ablation|RP11-291B21.2|ENSG00000256039|unprioritized|4,DEL|feature_ablation|RP11-298E10.1|ENSG00000227760|unprioritized|4,DEL|feature_ablation|RP11-377D9.1|ENSG00000243129|unprioritized|4,DEL|feature_ablation|RP11-377D9.3|ENSG00000255621|unprioritized|4,DEL|feature_ablation|RP11-392P7.1|ENSG00000241352|unprioritized|4,DEL|feature_ablation|RP11-392P7.6|ENSG00000247498|unprioritized|4,DEL|feature_ablation|RP11-392P7.7|ENSG00000256011|unprioritized|4,DEL|feature_ablation|RP11-434C1.2|ENSG00000256237|unprioritized|4,DEL|feature_ablation|RP11-434C1.4|ENSG00000278654|unprioritized|4,DEL|feature_ablation|RP11-434C1.5|ENSG00000277705|unprioritized|4,DEL|feature_ablation|RP11-434C1.6|ENSG00000274551|unprioritized|4,DEL|feature_ablation|RP11-438L7.1|ENSG00000280345|unprioritized|4,DEL|feature_ablation|RP11-438L7.3|ENSG00000255967|unprioritized|4,DEL|feature_ablation|RP11-4N23.1|ENSG00000256306|unprioritized|4,DEL|feature_ablation|RP11-4N23.4|ENSG00000277935|unprioritized|4,DEL|feature_ablation|RP11-502N13.2|ENSG00000255649|unprioritized|4,DEL|feature_ablation|RP11-525E9.1|ENSG00000256975|unprioritized|4,DEL|feature_ablation|RP11-561P12.5|ENSG00000255801|unprioritized|4,DEL|feature_ablation|RP11-599J14.2|ENSG00000256673|unprioritized|4,DEL|feature_ablation|RP11-59H1.1|ENSG00000242329|unprioritized|4,DEL|feature_ablation|RP11-656E20.5|ENSG00000255958|unprioritized|4,DEL|feature_ablation|RP11-673D15.7|ENSG00000256400|unprioritized|4,DEL|feature_ablation|RP11-6K23.1|ENSG00000243916|unprioritized|4,DEL|feature_ablation|RP11-705C15.2|ENSG00000256594|unprioritized|4,DEL|feature_ablation|RP11-705C15.3|ENSG00000257027|unprioritized|4,DEL|feature_ablation|RP11-705C15.4|ENSG00000256442|unprioritized|4,DEL|feature_ablation|RP11-705C15.5|ENSG00000272917|unprioritized|4,DEL|feature_ablation|RP11-711K1.7|ENSG00000255790|unprioritized|4,DEL|feature_ablation|RP11-711K1.8|ENSG00000275119|unprioritized|4,DEL|feature_ablation|RP11-726G1.1|ENSG00000214776|unprioritized|4,DEL|feature_ablation|RP11-72J9.1|ENSG00000256346|unprioritized|4,DEL|feature_ablation|RP11-757G14.3|ENSG00000270857|unprioritized|4,DEL|feature_ablation|RP11-75L1.1|ENSG00000256582|unprioritized|4,DEL|feature_ablation|RP11-75L1.2|ENSG00000213443|unprioritized|4,DEL|feature_ablation|RP11-75L1.6|ENSG00000256912|unprioritized|4,DEL|feature_ablation|RP11-785H5.2|ENSG00000256712|unprioritized|4,DEL|feature_ablation|RP13-735L24.1|ENSG00000260423|unprioritized|4,DEL|feature_ablation|RP13-81N3.2|ENSG00000256888|unprioritized|4,DEL|feature_ablation|RPL13AP20|ENSG00000234498|unprioritized|4,DEL|feature_ablation|RPL21P136|ENSG00000271215|unprioritized|4,DEL|feature_ablation|RPL23AP66|ENSG00000243141|unprioritized|4,DEL|feature_ablation|RPL30P11|ENSG00000244573|unprioritized|4,DEL|feature_ablation|RPSAP51|ENSG00000244131|unprioritized|4,DEL|feature_ablation|SCARNA11|ENSG00000252727|unprioritized|4,DEL|feature_ablation|SLC25A39P2|ENSG00000257016|unprioritized|4,DEL|feature_ablation|SMCO3|ENSG00000179256|unprioritized|4,DEL|feature_ablation|SMIM10L1|ENSG00000256537|unprioritized|4,DEL|feature_ablation|SNORA75|ENSG00000212440&ENSG00000212432|unprioritized|4,DEL|feature_ablation|SNORD88|ENSG00000221611|unprioritized|4,DEL|feature_ablation|STX8P1|ENSG00000270296|unprioritized|4,DEL|feature_ablation|STYK1|ENSG00000060140|unprioritized|4,DEL|feature_ablation|SUPT4H1P2|ENSG00000246115|unprioritized|4,DEL|feature_ablation|TAS2R10|ENSG00000121318|unprioritized|4,DEL|feature_ablation|TAS2R12|ENSG00000256682|unprioritized|4,DEL|feature_ablation|TAS2R13|ENSG00000212128|unprioritized|4,DEL|feature_ablation|TAS2R14|ENSG00000212127|unprioritized|4,DEL|feature_ablation|TAS2R15P|ENSG00000212125|unprioritized|4,DEL|feature_ablation|TAS2R18|ENSG00000256981|unprioritized|4,DEL|feature_ablation|TAS2R19|ENSG00000212124|unprioritized|4,DEL|feature_ablation|TAS2R20|ENSG00000255837|unprioritized|4,DEL|feature_ablation|TAS2R30|ENSG00000256188|unprioritized|4,DEL|feature_ablation|TAS2R31|ENSG00000256436|unprioritized|4,DEL|feature_ablation|TAS2R42|ENSG00000186136|unprioritized|4,DEL|feature_ablation|TAS2R43|ENSG00000255374|unprioritized|4,DEL|feature_ablation|TAS2R46|ENSG00000226761|unprioritized|4,DEL|feature_ablation|TAS2R50|ENSG00000212126|unprioritized|4,DEL|feature_ablation|TAS2R63P|ENSG00000256019|unprioritized|4,DEL|feature_ablation|TAS2R64P|ENSG00000256274|unprioritized|4,DEL|feature_ablation|TAS2R7|ENSG00000121377|unprioritized|4,DEL|feature_ablation|TAS2R8|ENSG00000121314|unprioritized|4,DEL|feature_ablation|TAS2R9|ENSG00000121381|unprioritized|4,DEL|feature_ablation|TMEM52B|ENSG00000165685|unprioritized|4,DEL|feature_ablation|TPT1P12|ENSG00000256817|unprioritized|4,DEL|feature_ablation|VDAC2P2|ENSG00000255776|unprioritized|4,DEL|feature_ablation|WBP11|ENSG00000084463|unprioritized|4,DEL|feature_ablation|YBX3|ENSG00000060138|unprioritized|4,DEL|feature_ablation|Y_RNA|ENSG00000238943|unprioritized|4,DEL|transcript_ablation|A2M|ENST00000318602_exon_1/36|unprioritized|4,DEL|transcript_ablation|A2ML1|ENST00000299698_exon_33/36|unprioritized|4,DEL|transcript_ablation|AICDA|ENST00000545512_exon_2/4&ENST00000229335_exon_1/5|unprioritized|4,DEL|transcript_ablation|APOLD1|ENST00000356591_exon_2/2|unprioritized|4,DEL|transcript_ablation|ARHGDIB|ENST00000541546_exon_1/7|unprioritized|4,DEL|transcript_ablation|ART4|ENST00000228936_exon_3/3|unprioritized|4,DEL|transcript_ablation|ATF7IP|ENST00000544627_exon_7/15&ENST00000536444_exon_7/15&ENST00000261168_exon_7/15|key_gene|3,DEL|transcript_ablation|BCL2L14|ENST00000589718_exon_5/7&ENST00000586576_exon_1/8&ENST00000308721_exon_4/6&ENST00000266434_exon_4/6|unprioritized|4,DEL|transcript_ablation|BORCS5|ENST00000314565_exon_1/4|unprioritized|4,DEL|transcript_ablation|C12orf60|ENST00000330828_exon_2/2|unprioritized|4,DEL|transcript_ablation|CD69|ENST00000228434_exon_2/5|unprioritized|4,DEL|transcript_ablation|CDKN1B|ENST00000228872_exon_3/3|key_tsgene|3,DEL|transcript_ablation|CLEC12A|ENST00000355690_exon_2/7&ENST00000304361_exon_1/6&ENST00000350667_exon_3/5|unprioritized|4,DEL|transcript_ablation|CLEC12B|ENST00000338896_exon_6/6|unprioritized|4,DEL|transcript_ablation|CLEC1A|ENST00000457018_exon_4/5&ENST00000315330_exon_5/6&ENST00000420265_exon_3/4|unprioritized|4,DEL|transcript_ablation|CLEC1B|ENST00000428126_exon_6/7&ENST00000348658_exon_4/5&ENST00000298527_exon_6/6|unprioritized|4,DEL|transcript_ablation|CLEC2A|ENST00000455827_exon_1/5|unprioritized|4,DEL|transcript_ablation|CLEC2B|ENST00000228438_exon_3/5|unprioritized|4,DEL|transcript_ablation|CLEC2D|ENST00000261340_exon_6/6&ENST00000290855_exon_4/5&ENST00000261339_exon_3/4|unprioritized|4,DEL|transcript_ablation|CLEC4D|ENST00000299665_exon_4/6|unprioritized|4,DEL|transcript_ablation|CLEC4E|ENST00000299663_exon_6/6|unprioritized|4,DEL|transcript_ablation|CLEC6A|ENST00000382073_exon_5/6|unprioritized|4,DEL|transcript_ablation|CLEC7A|ENST00000353231_exon_4/5&ENST00000304084_exon_1/6&ENST00000396484_exon_4/4|unprioritized|4,DEL|transcript_ablation|CLEC9A|ENST00000355819_exon_1/9|unprioritized|4,DEL|transcript_ablation|CLECL1|ENST00000327839_exon_2/2&ENST00000621400_exon_2/3|unprioritized|4,DEL|transcript_ablation|CREBL2|ENST00000228865_exon_3/4|unprioritized|4,DEL|transcript_ablation|DDX47|ENST00000358007_exon_8/12|unprioritized|4,DEL|transcript_ablation|DUSP16|ENST00000298573_exon_5/7|unprioritized|4,DEL|transcript_ablation|EIF2S3L|ENST00000538173_exon_1/1|unprioritized|4,DEL|transcript_ablation|EMP1|ENST00000256951_exon_2/5|unprioritized|4,DEL|transcript_ablation|ERP27|ENST00000266397_exon_4/7|unprioritized|4,DEL|transcript_ablation|ETV6|ENST00000396373_exon_2/8|key_tsgene|3,DEL|transcript_ablation|FAM234B|ENST00000197268_exon_11/13|unprioritized|4,DEL|transcript_ablation|GABARAPL1|ENST00000545887_exon_1/5|unprioritized|4,DEL|transcript_ablation|GPR19|ENST00000332427_exon_4/4|unprioritized|4,DEL|transcript_ablation|GPRC5A|ENST00000014914_exon_2/4|key_tsgene|3,DEL|transcript_ablation|GPRC5D|ENST00000396333_exon_2/2|unprioritized|4,DEL|transcript_ablation|GRIN2B|ENST00000609686_exon_3/13|unprioritized|4,DEL|transcript_ablation|GSG1|ENST00000351606_exon_6/7&ENST00000457134_exon_3/5&ENST00000396302_exon_5/6&ENST00000537302_exon_6/6&ENST00000432710_exon_4/6&ENST00000337630_exon_4/6|unprioritized|4,DEL|transcript_ablation|GUCY2C|ENST00000261170_exon_6/27|unprioritized|4,DEL|transcript_ablation|H2AFJ|ENST00000544848_exon_1/1|unprioritized|4,DEL|transcript_ablation|HEBP1|ENST00000014930_exon_1/4|unprioritized|4,DEL|transcript_ablation|HIST4H4|ENST00000539745_exon_1/1|unprioritized|4,DEL|transcript_ablation|KLRB1|ENST00000229402_exon_1/6|unprioritized|4,DEL|transcript_ablation|KLRC1|ENST00000544822_exon_5/8&ENST00000536188_exon_5/9&ENST00000408006_exon_4/7&ENST00000347831_exon_3/6|unprioritized|4,DEL|transcript_ablation|KLRC2|ENST00000381901_exon_2/6&ENST00000536833_exon_3/7&ENST00000381902_exon_2/6|unprioritized|4,DEL|transcript_ablation|KLRC3|ENST00000396439_exon_3/7&ENST00000381903_exon_1/6|unprioritized|4,DEL|transcript_ablation|KLRC4|ENST00000309384_exon_3/4|unprioritized|4,DEL|transcript_ablation|KLRC4-KLRK1|ENST00000590131_exon_7/11&ENST00000588447_exon_10/12&ENST00000539300_exon_11/13&ENST00000585507_exon_6/11&ENST00000543572_exon_6/10&ENST00000543812_exon_11/13&ENST00000590323_exon_10/12&ENST00000588263_exon_8/11&ENST00000591937_exon_9/11&ENST00000591546_exon_6/10&ENST00000585711_exon_1/9|unprioritized|4,DEL|transcript_ablation|KLRD1|ENST00000336164_exon_2/6&ENST00000350274_exon_5/5&ENST00000543777_exon_1/5|unprioritized|4,DEL|transcript_ablation|KLRF1|ENST00000279545_exon_3/5&ENST00000617889_exon_4/6|unprioritized|4,DEL|transcript_ablation|KLRF2|ENST00000535540_exon_1/6|unprioritized|4,DEL|transcript_ablation|KLRG1|ENST00000266551_exon_3/6&ENST00000356986_exon_3/5|unprioritized|4,DEL|transcript_ablation|KLRK1|ENST00000240618_exon_2/8|unprioritized|4,DEL|transcript_ablation|LRP6|ENST00000261349_exon_3/23|unprioritized|4,DEL|transcript_ablation|M6PR|ENST00000000412_exon_4/7|unprioritized|4,DEL|transcript_ablation|MAGOHB|ENST00000320756_exon_3/5|unprioritized|4,DEL|transcript_ablation|MANSC1|ENST00000535902_exon_4/4|unprioritized|4,DEL|transcript_ablation|MFAP5|ENST00000359478_exon_4/10|unprioritized|4,DEL|transcript_ablation|MGP|ENST00000539261_exon_4/4|unprioritized|4,DEL|transcript_ablation|OLR1|ENST00000309539_exon_3/6|unprioritized|4,DEL|transcript_ablation|PDE6H|ENST00000266395_exon_1/4|unprioritized|4,DEL|transcript_ablation|PHC1|ENST00000543824_exon_12/16&ENST00000433083_exon_10/14|unprioritized|4,DEL|transcript_ablation|PLBD1|ENST00000240617_exon_11/11|unprioritized|4,DEL|transcript_ablation|PRB1|ENST00000546254_exon_5/5|unprioritized|4,DEL|transcript_ablation|PRB2|ENST00000389362_exon_3/4|unprioritized|4,DEL|transcript_ablation|PRB3|ENST00000381842_exon_2/5&ENST00000538488_exon_4/4|unprioritized|4,DEL|transcript_ablation|PRB4|ENST00000535904_exon_2/3|unprioritized|4,DEL|transcript_ablation|PRH1|ENST00000428168_exon_2/5&ENST00000543626_exon_4/4|unprioritized|4,DEL|transcript_ablation|PRH1-PRR4|ENST00000536668_exon_7/10|unprioritized|4,DEL|transcript_ablation|PRH2|ENST00000381847_exon_2/3|unprioritized|4,DEL|transcript_ablation|PRR4|ENST00000535024_exon_6/6&ENST00000228811_exon_1/4|unprioritized|4,DEL|transcript_ablation|PTPRO|ENST00000348962_exon_3/26&ENST00000281171_exon_3/27|key_tsgene|3,DEL|transcript_ablation|PZP|ENST00000261336_exon_12/36|unprioritized|4,DEL|transcript_ablation|RERG|ENST00000536465_exon_4/5|unprioritized|4,DEL|transcript_ablation|RIMKLB|ENST00000538135_exon_4/6|unprioritized|4,DEL|transcript_ablation|RP11-277P12.6|ENST00000539033_exon_1/7|unprioritized|4,DEL|transcript_ablation|SMCO3|ENST00000316048_exon_2/2|unprioritized|4,DEL|transcript_ablation|SMIM10L1|ENST00000622602_exon_1/1|unprioritized|4,DEL|transcript_ablation|STYK1|ENST00000075503_exon_8/11|unprioritized|4,DEL|transcript_ablation|TAS2R10|ENST00000240619_exon_1/1|unprioritized|4,DEL|transcript_ablation|TAS2R13|ENST00000390677_exon_1/1|unprioritized|4,DEL|transcript_ablation|TAS2R14|ENST00000537503_exon_1/1|unprioritized|4,DEL|transcript_ablation|TAS2R19|ENST00000390673_exon_1/1|unprioritized|4,DEL|transcript_ablation|TAS2R20|ENST00000538986_exon_1/1|unprioritized|4,DEL|transcript_ablation|TAS2R30|ENST00000539585_exon_1/1|unprioritized|4,DEL|transcript_ablation|TAS2R31|ENST00000390675_exon_1/1|unprioritized|4,DEL|transcript_ablation|TAS2R42|ENST00000334266_exon_1/1|unprioritized|4,DEL|transcript_ablation|TAS2R43|ENST00000531678_exon_1/1|unprioritized|4,DEL|transcript_ablation|TAS2R46|ENST00000533467_exon_1/1|unprioritized|4,DEL|transcript_ablation|TAS2R50|ENST00000506868_exon_1/1|unprioritized|4,DEL|transcript_ablation|TAS2R7|ENST00000240687_exon_1/1|unprioritized|4,DEL|transcript_ablation|TAS2R8|ENST00000240615_exon_1/1|unprioritized|4,DEL|transcript_ablation|TAS2R9|ENST00000240691_exon_1/1|unprioritized|4,DEL|transcript_ablation|TMEM52B|ENST00000381923_exon_4/6&ENST00000298530_exon_2/4|unprioritized|4,DEL|transcript_ablation|WBP11|ENST00000261167_exon_7/12|unprioritized|4,DEL|transcript_ablation|YBX3|ENST00000279550_exon_4/9&ENST00000228251_exon_4/10|unprioritized|4	0.503000020980835,0.5059999823570251	2.0199999809265137,2.0299999713897705	1.0,1.0099999904632568	1.0199999809265137		8384896	15602592	MantaDEL:55152:120:121:0:0:0	
manta	sampleA	chr13	48405580	48494730	DEL	54,28		83,76	0.27000001072883606,0.722000002861023	349	3	DEL|bidirectional_gene_fusion|RCBTB2&RB1|ENSG00000139687|key_tsgene|3,DEL|gene_fusion|RCBTB2&LPAR6|ENSG00000139679|unknown|4	0.30000001192092896,0.871999979019165	2.0299999713897705,1.0700000524520874	0.9490000009536743,1.0700000524520874	0.7699999809265137		48405580	48494730	MantaDEL:222106:0:1:0:0:0	
manta	sampleA	chr13	48410428	48592716	DEL	41,37		52,71	0.7559999823570251,0.40400001406669617	373	3	DEL|feature_ablation|LINC00462&Metazoa_SRP&LINC01077&RCBTB2&RP11-165D7.5&RB1&LPAR6|ENSG00000139687|key_tsgene|3	0.9110000133514404,0.4490000009536743	1.0800000429153442,2.009999990463257	1.0800000429153442,0.9480000138282776	0.9459999799728394		48410428	48592716	MantaDEL:222060:0:1:0:0:0	
manta	sampleA	chr14	22096619	22450089	DEL	93,51		93,84	0.45899999141693115,0.4490000009536743	310	4	DEL|feature_ablation|TRDD1&TRAV25&TRAV38-2DV8&AE000661.50&TRAV33&TRAV41&TRAV40&TRAV30&TRAC&TRAV29DV5&TRAV32&TRDD2&TRAV28&TRAV8-7&TRDC&TRDV2&AE000661.37&TRAV31&TRAV26-2&TRAV36DV7&TRAV35&TRAV37&AE000661.36&TRAV26-1&TRDD3&TRAV34&TRAV27&TRDJ1&TRAV24&TRAV38-1&TRAV39|ENSG00000211829|unprioritized|4	0.5090000033378601,0.49799999594688416	2.0299999713897705,2.0299999713897705	1.0299999713897705,1.0199999809265137	1.0199999809265137		22096619	22450089	MantaDEL:185716:1:3:0:0:0	
manta	sampleA	chr14	22430582		BND			60,59	0.8529999852180481,0.4749999940395355	269	2	[CHR10:101127994[A|gene_fusion&frameshift_variant|TRAC&TLX1NB|ENST00000611116|unknown|4,[CHR10:101127994[A|gene_fusion&frameshift_variant|TRDC&TLX1NB|ENST00000390477|known_pair|2	0.9480000138282776,0.527999997138977	2.0,1.9800000190734863	0.996999979019165,0.8560000061988831	1.4700000286102295		22430592	101127987	MantaBND:185716:0:2:0:0:0:1	MantaBND:185716:0:2:0:0:0:0
manta	sampleA	chr14	22430590		BND	12,40		18,75	0.8019999861717224,0.7929999828338623	552	4	TCGCTCTGATAATTGG]CHR14:22439001]|bidirectional_gene_fusion|TRAC|ENST00000611116|unprioritized|4,TCGCTCTGATAATTGG]CHR14:22439001]|bidirectional_gene_fusion|TRAC&TRDC|ENST00000611116&ENST00000390477|unprioritized|4,TCGCTCTGATAATTGG]CHR14:22439001]|bidirectional_gene_fusion|TRDC|ENST00000390477|unprioritized|4,TCGCTCTGATAATTGG]CHR14:22439001]|gene_fusion|AE000661.37&TRDC|ENST00000390477|unknown|4,TCGCTCTGATAATTGG]CHR14:22439001]|gene_fusion|TRAC&AE000661.37|ENST00000611116|unknown|4,TCGCTCTGATAATTGG]CHR14:22439001]|gene_fusion&frameshift_variant|AE000661.37&TRDC|ENST00000390477|unknown|4,TCGCTCTGATAATTGG]CHR14:22439001]|gene_fusion&frameshift_variant|TRAC&AE000661.37|ENST00000611116|unknown|4	0.890999972820282,0.9710000157356262	2.0,0.9909999966621399	1.0099999904632568,0.9909999966621399	1.3700000047683716		22430590	22439001	MantaBND:185716:2:4:0:0:0:1	MantaBND:185716:2:4:0:0:0:0
manta	sampleA	chr14	22439001		BND	12,40		18,75	0.7929999828338623,0.8019999861717224	552	4	ACCAATTATCAGAGCG]CHR14:22430590]|bidirectional_gene_fusion|TRAC|ENST00000611116|unprioritized|4,ACCAATTATCAGAGCG]CHR14:22430590]|bidirectional_gene_fusion|TRAC&TRDC|ENST00000611116&ENST00000390477|unprioritized|4,ACCAATTATCAGAGCG]CHR14:22430590]|bidirectional_gene_fusion|TRDC|ENST00000390477|unprioritized|4,ACCAATTATCAGAGCG]CHR14:22430590]|gene_fusion|AE000661.37&TRDC|ENST00000390477|unknown|4,ACCAATTATCAGAGCG]CHR14:22430590]|gene_fusion|TRAC&AE000661.37|ENST00000611116|unknown|4,ACCAATTATCAGAGCG]CHR14:22430590]|gene_fusion&frameshift_variant|AE000661.37&TRDC|ENST00000390477|unknown|4,ACCAATTATCAGAGCG]CHR14:22430590]|gene_fusion&frameshift_variant|TRAC&AE000661.37|ENST00000611116|unknown|4	0.9710000157356262,0.890999972820282	0.9909999966621399,2.0	0.9909999966621399,1.0099999904632568	1.3700000047683716		22439001	22430590	MantaBND:185716:2:4:0:0:0:0	MantaBND:185716:2:4:0:0:0:1
manta	sampleA	chr14	22449125		BND	47,22		56,45	0.6769999861717224,0.31299999356269836	258	4	]CHR10:101127982]G|bidirectional_gene_fusion|TLX1NB&TRDD3|ENST00000448914_exon_1/1|unprioritized|4,]CHR10:101127982]G|bidirectional_gene_fusion|TRAC&TLX1NB|ENST00000611116|unprioritized|4,]CHR10:101127982]G|bidirectional_gene_fusion|TRDC&TLX1NB|ENST00000390477|unprioritized|4	0.8259999752044678,0.3479999899864197	1.0099999904632568,2.009999990463257	1.0099999904632568,0.8880000114440918	0.765999972820282		22449125	101127983	MantaBND:185716:0:1:0:0:0:1	MantaBND:185716:0:1:0:0:0:0
manta	sampleA	chr14	65748819	65748963	DUP	120,41		102,1	0.32199999690055847,0.2919999957084656	101	4	DUP:TANDEM|downstream_gene_variant|FUT8|ENST00000360689|unprioritized|4,DUP:TANDEM|intergenic_region|FUT8-CTD-2014B16.1|ENSG00000033170-ENSG00000258629|unprioritized|4	0.34599998593330383,0.3140000104904175	3.009999990463257,3.009999990463257	0.9829999804496765,1.0099999904632568	0.9940000176429749		65748819	65748963	MantaDUP:TANDEM:233279:0:1:0:1:0	
manta	sampleA	chr14	105891709	106011924	DEL	98,29		127,23	0.3059999942779541,0.36399999260902405	152	4	DEL|bidirectional_gene_fusion|AL122127.25&IGHV4-4|ENSG00000244620|unprioritized|4,DEL|feature_ablation|IGHV6-1&IGHD5-12&IGHD3-10&IGHD1-14&IGHD3-16&FAM30A&IGHD5-5&ADAM6&IGHV1-2&IGHD3-3&AB019441.29&IGHD6-19&IGHD4-17&IGHD3-9&IGHD1-7&IGHVII-1-1&IGHVIII-2-1&IGHD4-11&AL122127.25&IGHD1-1&IGHD2-15&IGHV1-3&IGHD6-13&IGHD2-2&IGHD6-6&IGHD5-18&IGHD4-4&IGHV4-4&IGHD2-8|ENSG00000244620|unprioritized|4,DEL|gene_fusion|IGHV4-4&IGHD6-19|ENSG00000211914|unknown|4	0.3400000035762787,0.40299999713897705	2.009999990463257,2.059999942779541	0.6819999814033508,0.7300000190734863	0.7559999823570251		105891709	106011924	MantaDEL:237953:0:5:0:0:0	
manta	sampleA	chr14	106086375	106421711	DEL	21,26		47,34	0.8330000042915344,0.3070000112056732	244	4	DEL|feature_ablation|IGHVII-15-1&IGHVII-22-1&IGHV1-17&IGHVII-20-3&IGHV3-37&SLC20A1P2&LINC00226&IGHV7-27&IGHVII-31-1&IGHVII-26-2&IGHVIII-26-1&IGHV3-22&IGHVII-28-2&IGHVII-30-43&IGHV3-32&IGHVIII-20-2&IGHV2-26&IGHV3-36&CH17-60O17.11&IGHV3-15&IGHV3-33-2&IGHVII-23-1&IGHV1-14&IGHV3-16&HOMER2P2&IGHV3-29&IGHV1-18&IGHVII-30-1&IGHV4-34&IGHV4-31&IGHVIII-11-1&IGHVIII-25-1&IGHV4-28&IGHVIII-13-1&IGHV3-25&IGHVIII-22-2&IGHVIII-38-1&IGHV3-33&AB019440.50&IGHV3-38&IGHV3-30-2&IGHV3-13&CH17-224D4.1&IGHV1-12&IGHV3-30&IGHV3-21&IGHV7-34-1&IGHV3-20&IGHV3-23&CH17-224D4.2&IGHV3-19&IGHV4-39&IGHV3-11&IGHV3-35&IGHVII-33-1&IGHV1-24|ENSG00000211959|unprioritized|4	0.9229999780654907,0.3400000035762787	2.059999942779541,2.0399999618530273	1.899999976158142,1.8899999856948853	1.2999999523162842		106086375	106421711	MantaDEL:237953:6:7:0:0:0	
manta	sampleA	chr14	106494157	106627260	DEL	77,34		85,42	0.3089999854564667,0.4860000014305115	252	4	DEL|bidirectional_gene_fusion|IGHV4-59&LINC00221|ENSG00000270816|unprioritized|4,DEL|feature_ablation|IGHVII-53-1&IGHV1-58&IGHV1-45&IGHV3-50&IGHVIII-51-1&IGHV7-56&IGHV3-47&IGHV4-55&LINC00221&IGHVIII-47-1&IGHV3-57&IGHVII-46-1&IGHV5-51&IGHV3-49&IGHVII-44-2&IGHV3-54&IGHVII-51-2&IGHV3-53&IGHV4-59&IGHV1-46&IGHVII-49-1&IGHV3-48&IGHV3-52|ENSG00000270816|unprioritized|4,DEL|gene_fusion|IGHV4-59&IGHVII-44-2|ENSG00000253895|unknown|4	0.34299999475479126,0.550000011920929	2.0399999618530273,1.7000000476837158	0.8169999718666077,0.9340000152587891	0.8169999718666077		106494157	106627260	MantaDEL:237953:9:24:0:0:0	
manta	sampleA	chr14	106586376	106627249	DEL	25,44		19,30	0.8069999814033508,0.6150000095367432	451	4	DEL|feature_ablation|IGHV3-57&IGHV1-58&IGHV4-55&IGHVII-53-1&IGHV4-59&IGHV7-56&IGHV3-54&IGHV3-53&IGHV3-52|ENSG00000253545|unprioritized|4,DEL|gene_fusion|IGHV4-59&IGHV3-52|ENSG00000253545|unknown|4	0.953000009059906,0.7940000295639038	1.2300000190734863,0.765999972820282	1.0700000524520874,0.6069999933242798	0.8889999985694885		106586376	106627249	MantaDEL:237953:9:25:0:0:0	
manta	sampleA	chr14	106714687	106728166	DEL	45,11		27,9	0.2750000059604645,0.6790000200271606	94	4	DEL|gene_fusion|IGHV1-69&CH17-212P11.4|ENSG00000211973|unknown|4	0.3109999895095825,0.7459999918937683	1.7000000476837158,2.2699999809265137	0.527999997138977,0.5509999990463257	1.1100000143051147		106714687	106728166	MantaDEL:2:45439:45472:0:1:0	
manta	sampleA	chr14	106728166	106762097	DUP	78,32		68,3	0.75,0.12999999523162842	125	4	DUP:TANDEM|TF_binding_site_variant||MA0139|unprioritized|4,DUP:TANDEM|downstream_gene_variant|CH17-212P11.5|ENST00000632209_exon_1/2|unprioritized|4,DUP:TANDEM|downstream_gene_variant|IGHV1-69-2|ENST00000624687_exon_2/2|unprioritized|4,DUP:TANDEM|duplication|CH17-212P11.5|ENST00000632209_exon_1/2|unprioritized|4,DUP:TANDEM|duplication|CH17-212P11.8&CH17-212P11.5&IGHV1-69-2&CH17-212P11.4|ENSG00000282600|unprioritized|4,DUP:TANDEM|gene_fusion|IGHV1-69-2&CH17-212P11.4|ENSG00000282600|unknown|4,DUP:TANDEM|intergenic_region|CH17-212P11.4-CH17-212P11.5|ENSG00000282600-ENSG00000281990|unprioritized|4,DUP:TANDEM|intergenic_region|CH17-212P11.5-CH17-212P11.8|ENSG00000281990-ENSG00000283571|unprioritized|4,DUP:TANDEM|intergenic_region|CH17-212P11.8-IGHV1-69-2|ENSG00000283571-ENSG00000280411|unprioritized|4,DUP:TANDEM|splice_region_variant&duplication|IGHV1-69-2|ENST00000624687_exon_2/2|unprioritized|4,DUP:TANDEM|upstream_gene_variant|CH17-212P11.5|ENST00000632209_exon_1/2|unprioritized|4,DUP:TANDEM|upstream_gene_variant|IGHV2-70|ENST00000390634|unprioritized|4	0.8240000009536743,0.14300000667572021	2.2699999809265137,2.2699999809265137	0.5440000295639038,0.3230000138282776	1.090000033378601		106728166	106762097	MantaDUP:TANDEM:2:45437:45472:0:0:0	
manta	sampleA	chr19	3814086	5394664	DEL	73,41		140,54	0.3409999907016754,0.31700000166893005	203	3	DEL|chromosome_number_variation|19||chrom_19|3,DEL|exon_loss_variant|ZFR2|ENST00000262961_exon_13/19&ENST00000262961_exon_4/19&ENST00000262961_exon_3/19&ENST00000262961_exon_7/19&ENST00000262961_exon_6/19&ENST00000262961_exon_11/19&ENST00000262961_exon_8/19&ENST00000262961_exon_1/19&ENST00000262961_exon_2/19&ENST00000262961_exon_12/19&ENST00000262961_exon_9/19&ENST00000262961_exon_5/19&ENST00000262961_exon_10/19|unprioritized|3,DEL|feature_ablation|AC005338.1|ENSG00000283229|unprioritized|4,DEL|feature_ablation|AC005339.2|ENSG00000268565|unprioritized|4,DEL|feature_ablation|AC005523.2|ENSG00000269604|unprioritized|4,DEL|feature_ablation|AC005523.3|ENSG00000268536|unprioritized|4,DEL|feature_ablation|AC005578.3|ENSG00000280247|unprioritized|4,DEL|feature_ablation|AC007292.3|ENSG00000269318|unprioritized|4,DEL|feature_ablation|AC007292.4|ENSG00000269807|unprioritized|4,DEL|feature_ablation|AC007292.6|ENSG00000267980|unprioritized|4,DEL|feature_ablation|AC007292.7|ENSG00000269425|unprioritized|4,DEL|feature_ablation|ANKRD24|ENSG00000089847|unprioritized|4,DEL|feature_ablation|ARRDC5|ENSG00000205784|unprioritized|4,DEL|feature_ablation|ATCAY|ENSG00000167654|unprioritized|4,DEL|feature_ablation|CCDC94|ENSG00000105248|unprioritized|4,DEL|feature_ablation|CHAF1A|ENSG00000167670|unprioritized|4,DEL|feature_ablation|CREB3L3|ENSG00000060566|unprioritized|4,DEL|feature_ablation|CTB-50L17.10|ENSG00000167674|unprioritized|4,DEL|feature_ablation|CTB-50L17.14|ENSG00000267385|unprioritized|4,DEL|feature_ablation|CTB-50L17.16|ENSG00000267011|unprioritized|4,DEL|feature_ablation|CTB-50L17.2|ENSG00000267408|unprioritized|4,DEL|feature_ablation|CTB-50L17.5|ENSG00000267255|unprioritized|4,DEL|feature_ablation|CTB-50L17.7|ENSG00000267030|unprioritized|4,DEL|feature_ablation|CTB-50L17.8|ENSG00000280239|unprioritized|4,DEL|feature_ablation|CTB-50L17.9|ENSG00000267769|unprioritized|4,DEL|feature_ablation|CTC-482H14.5|ENSG00000267550|unprioritized|4,DEL|feature_ablation|CTC-518P12.6|ENSG00000267484|unprioritized|4,DEL|feature_ablation|CTD-2622I13.3|ENSG00000268670|unprioritized|4,DEL|feature_ablation|DAPK3|ENSG00000167657|unprioritized|4,DEL|feature_ablation|DPP9|ENSG00000142002|unprioritized|4,DEL|feature_ablation|DPP9-AS1|ENSG00000205790|unprioritized|4,DEL|feature_ablation|EBI3|ENSG00000105246|unprioritized|4,DEL|feature_ablation|EEF2|ENSG00000167658|unprioritized|4,DEL|feature_ablation|EIF1P6|ENSG00000267938|unprioritized|4,DEL|feature_ablation|FEM1A|ENSG00000141965|unprioritized|4,DEL|feature_ablation|FSD1|ENSG00000105255|unprioritized|4,DEL|feature_ablation|FTLP5|ENSG00000266989|unprioritized|4,DEL|feature_ablation|KDM4B|ENSG00000127663|unprioritized|4,DEL|feature_ablation|LLNLR-304G9.1|ENSG00000274447|unprioritized|4,DEL|feature_ablation|LRG1|ENSG00000171236|unprioritized|4,DEL|feature_ablation|MAP2K2|ENSG00000126934|key_gene|3,DEL|feature_ablation|MIR4746|ENSG00000266437|unprioritized|4,DEL|feature_ablation|MIR4747|ENSG00000263409|unprioritized|4,DEL|feature_ablation|MIR7-3|ENSG00000207630|unprioritized|4,DEL|feature_ablation|MIR7-3HG|ENSG00000176840|unprioritized|4,DEL|feature_ablation|MPND|ENSG00000008382|unprioritized|4,DEL|feature_ablation|MYDGF|ENSG00000074842|unprioritized|4,DEL|feature_ablation|Metazoa_SRP|ENSG00000278007|unprioritized|4,DEL|feature_ablation|NMRK2|ENSG00000077009|unprioritized|4,DEL|feature_ablation|PIAS4|ENSG00000105229|unprioritized|4,DEL|feature_ablation|PLIN3|ENSG00000105355|unprioritized|4,DEL|feature_ablation|PLIN4|ENSG00000167676|unprioritized|4,DEL|feature_ablation|PLIN5|ENSG00000214456|unprioritized|4,DEL|feature_ablation|PTPRS|ENSG00000105426|key_gene|3,DEL|feature_ablation|RN7SL202P|ENSG00000266627|unprioritized|4,DEL|feature_ablation|RPL32P34|ENSG00000239524|unprioritized|4,DEL|feature_ablation|SEMA6B|ENSG00000167680|unprioritized|4,DEL|feature_ablation|SH3GL1|ENSG00000141985|key_gene|3,DEL|feature_ablation|SHD|ENSG00000105251|unprioritized|4,DEL|feature_ablation|SIRT6|ENSG00000077463|key_gene|3,DEL|feature_ablation|SNORD37|ENSG00000206775|unprioritized|4,DEL|feature_ablation|STAP2|ENSG00000178078|unprioritized|4,DEL|feature_ablation|TICAM1|ENSG00000127666|unprioritized|4,DEL|feature_ablation|TMIGD2|ENSG00000167664|unprioritized|4,DEL|feature_ablation|TNFAIP8L1|ENSG00000185361|unprioritized|4,DEL|feature_ablation|UBXN6|ENSG00000167671|unprioritized|4,DEL|feature_ablation|UHRF1|ENSG00000276043|key_gene|3,DEL|feature_ablation|UHRF1&SIRT6&ZBTB7A&PTPRS&MAP2K2&SH3GL1|ENSG00000105278|key_gene|3,DEL|feature_ablation|ZBTB7A|ENSG00000178951|key_gene|3,DEL|feature_ablation|ZFR2|ENSG00000105278|unprioritized|4,DEL|transcript_ablation|ANKRD24|ENST00000318934_exon_6/21&ENST00000262970_exon_5/20|unprioritized|4,DEL|transcript_ablation|ARRDC5|ENST00000381781_exon_1/3|unprioritized|4,DEL|transcript_ablation|ATCAY|ENST00000450849_exon_13/13|unprioritized|4,DEL|transcript_ablation|CCDC94|ENST00000262962_exon_4/8|unprioritized|4,DEL|transcript_ablation|CHAF1A|ENST00000301280_exon_1/15|unprioritized|4,DEL|transcript_ablation|CREB3L3|ENST00000602257_exon_4/10&ENST00000078445_exon_1/10&ENST00000595923_exon_4/10|unprioritized|4,DEL|transcript_ablation|CTB-50L17.10|ENST00000616600_exon_12/16&ENST00000621835_exon_12/16|unprioritized|4,DEL|transcript_ablation|CTB-50L17.14|ENST00000586020_exon_2/4|unprioritized|4,DEL|transcript_ablation|DAPK3|ENST00000301264_exon_6/8|unprioritized|4,DEL|transcript_ablation|DPP9|ENST00000262960_exon_20/22|unprioritized|4,DEL|transcript_ablation|EBI3|ENST00000221847_exon_1/5|unprioritized|4,DEL|transcript_ablation|EEF2|ENST00000309311_exon_11/15|unprioritized|4,DEL|transcript_ablation|FEM1A|ENST00000269856_exon_1/1|unprioritized|4,DEL|transcript_ablation|FSD1|ENST00000221856_exon_1/13|unprioritized|4,DEL|transcript_ablation|KDM4B|ENST00000159111_exon_21/23&ENST00000611640_exon_22/24&ENST00000536461_exon_1/23|unprioritized|4,DEL|transcript_ablation|LRG1|ENST00000306390_exon_2/2|unprioritized|4,DEL|transcript_ablation|MAP2K2|ENST00000262948_exon_4/11|key_gene|3,DEL|transcript_ablation|MPND|ENST00000262966_exon_4/12&ENST00000599840_exon_4/13|unprioritized|4,DEL|transcript_ablation|MYDGF|ENST00000262947_exon_2/6|unprioritized|4,DEL|transcript_ablation|NMRK2|ENST00000168977_exon_6/8&ENST00000616156_exon_6/8&ENST00000593949_exon_5/7|unprioritized|4,DEL|transcript_ablation|PIAS4|ENST00000262971_exon_6/11|unprioritized|4,DEL|transcript_ablation|PLIN3|ENST00000585479_exon_2/8&ENST00000592528_exon_2/8&ENST00000221957_exon_2/8|unprioritized|4,DEL|transcript_ablation|PLIN4|ENST00000633942_exon_1/8&ENST00000301286_exon_1/6|unprioritized|4,DEL|transcript_ablation|PLIN5|ENST00000381848_exon_3/8|unprioritized|4,DEL|transcript_ablation|PTPRS|ENST00000588012_exon_24/32&ENST00000587303_exon_29/37|key_gene|3,DEL|transcript_ablation|SEMA6B|ENST00000586582_exon_15/17&ENST00000586965_exon_14/17|unprioritized|4,DEL|transcript_ablation|SH3GL1|ENST00000269886_exon_5/10|key_gene|3,DEL|transcript_ablation|SHD|ENST00000543264_exon_3/6|unprioritized|4,DEL|transcript_ablation|SIRT6|ENST00000337491_exon_5/8|key_gene|3,DEL|transcript_ablation|STAP2|ENST00000600324_exon_4/13&ENST00000594605_exon_4/13|unprioritized|4,DEL|transcript_ablation|TICAM1|ENST00000248244_exon_2/2|unprioritized|4,DEL|transcript_ablation|TMIGD2|ENST00000301272_exon_4/5&ENST00000595645_exon_2/5|unprioritized|4,DEL|transcript_ablation|TNFAIP8L1|ENST00000536716_exon_1/2|unprioritized|4,DEL|transcript_ablation|UBXN6|ENST00000301281_exon_5/11&ENST00000394765_exon_5/11|unprioritized|4,DEL|transcript_ablation|UHRF1|ENST00000624301_exon_5/17&ENST00000620565_exon_2/17&ENST00000622802_exon_4/16&ENST00000616255_exon_5/17&ENST00000615884_exon_5/17&ENST00000612630_exon_5/17|key_gene|3,DEL|transcript_ablation|ZBTB7A|ENST00000322357_exon_2/3|key_gene|3	0.382999986410141,0.3540000021457672	1.8200000524520874,1.909999966621399	0.8980000019073486,0.9929999709129333	0.6859999895095825		3814091	5394669	MantaDEL:279039:0:1:0:0:0	
manta	sampleA	chr19	14754001		BND						4	BND|no_func_effect|||unprioritized|4		2.559999942779541	0.6449999809265137	0.6449999809265137	INFERRED			purple_3	
manta	sampleA	chr19	14812000		BND						4	BND|no_func_effect|||unprioritized|4		2.559999942779541	0.6079999804496765	0.6079999804496765	INFERRED			purple_4	
manta	sampleA	chr19	27338000		BND						4	BND|no_func_effect|||unprioritized|4		2.5199999809265137	0.5950000286102295	0.5950000286102295	INFERRED			purple_5	
manta	sampleA	chr19	54782761	56908917	DEL	83,45		109,49	0.41499999165534973,0.3659999966621399	227	3	DEL|chromosome_number_variation|19||chrom_19|3,DEL|exon_loss_variant|KIR2DL1|ENST00000291633_exon_8/9&ENST00000291633_exon_9/9&ENST00000336077_exon_7/8&ENST00000291633_exon_7/9&ENST00000336077_exon_8/8&ENST00000336077_exon_6/8|unprioritized|3,DEL|feature_ablation|AC004792.1|ENSG00000274777|unprioritized|4,DEL|feature_ablation|AC005498.3|ENSG00000267421|unprioritized|4,DEL|feature_ablation|AC005498.4|ENSG00000267224|unprioritized|4,DEL|feature_ablation|AC006115.6|ENSG00000268407|unprioritized|4,DEL|feature_ablation|AC006116.12|ENSG00000267192|unprioritized|4,DEL|feature_ablation|AC006116.13|ENSG00000266932|unprioritized|4,DEL|feature_ablation|AC006116.14|ENSG00000267145|unprioritized|4,DEL|feature_ablation|AC006116.15|ENSG00000267429|unprioritized|4,DEL|feature_ablation|AC006116.17|ENSG00000267549|unprioritized|4,DEL|feature_ablation|AC006116.19|ENSG00000267298|unprioritized|4,DEL|feature_ablation|AC006116.20|ENSG00000267710|unprioritized|4,DEL|feature_ablation|AC006116.21|ENSG00000267606|unprioritized|4,DEL|feature_ablation|AC006116.22|ENSG00000266907|unprioritized|4,DEL|feature_ablation|AC006116.24|ENSG00000267776|unprioritized|4,DEL|feature_ablation|AC006116.27|ENSG00000267459|unprioritized|4,DEL|feature_ablation|AC007228.11|ENSG00000269696|unprioritized|4,DEL|feature_ablation|AC007228.5|ENSG00000268352|unprioritized|4,DEL|feature_ablation|AC007228.8|ENSG00000268036|unprioritized|4,DEL|feature_ablation|AC007228.9|ENSG00000268568|unprioritized|4,DEL|feature_ablation|AC010525.4|ENSG00000267117|unprioritized|4,DEL|feature_ablation|AC010525.5|ENSG00000267689|unprioritized|4,DEL|feature_ablation|AC098795.1|ENSG00000279405|unprioritized|4,DEL|feature_ablation|BRSK1|ENSG00000160469|unprioritized|4,DEL|feature_ablation|CCDC106|ENSG00000173581|unprioritized|4,DEL|feature_ablation|COX6B2|ENSG00000160471|unprioritized|4,DEL|feature_ablation|CTB-61M7.1|ENSG00000215765|unprioritized|4,DEL|feature_ablation|CTB-61M7.2|ENSG00000268734|unprioritized|4,DEL|feature_ablation|CTC-550B14.1|ENSG00000243494|unprioritized|4,DEL|feature_ablation|CTC-550B14.10|ENSG00000275012|unprioritized|4,DEL|feature_ablation|CTC-550B14.6|ENSG00000267149|unprioritized|4,DEL|feature_ablation|CTC-550B14.7|ENSG00000267265|unprioritized|4,DEL|feature_ablation|CTD-2086L14.1|ENSG00000242411|unprioritized|4,DEL|feature_ablation|CTD-2105E13.14|ENSG00000268729|unprioritized|4,DEL|feature_ablation|CTD-2105E13.15|ENSG00000269275|unprioritized|4,DEL|feature_ablation|CTD-2105E13.16|ENSG00000276831|unprioritized|4,DEL|feature_ablation|CTD-2105E13.6|ENSG00000267706|unprioritized|4,DEL|feature_ablation|CTD-2537I9.12|ENSG00000267523|unprioritized|4,DEL|feature_ablation|CTD-2537I9.13|ENSG00000267096|unprioritized|4,DEL|feature_ablation|CTD-2537I9.15|ENSG00000279063|unprioritized|4,DEL|feature_ablation|CTD-2537I9.16|ENSG00000269859|unprioritized|4,DEL|feature_ablation|CTD-2537I9.18|ENSG00000276488|unprioritized|4,DEL|feature_ablation|CTD-2537I9.19|ENSG00000283567|unprioritized|4,DEL|feature_ablation|CTD-2587H24.1|ENSG00000267507|unprioritized|4,DEL|feature_ablation|CTD-2587H24.10|ENSG00000267649|unprioritized|4,DEL|feature_ablation|CTD-2587H24.14|ENSG00000276570|unprioritized|4,DEL|feature_ablation|CTD-2587H24.4|ENSG00000267110|unprioritized|4,DEL|feature_ablation|CTD-2587H24.5|ENSG00000267577|unprioritized|4,DEL|feature_ablation|CTD-2611O12.6|ENSG00000268593|unprioritized|4,DEL|feature_ablation|CTD-2621I17.3|ENSG00000279794|unprioritized|4,DEL|feature_ablation|CTD-2621I17.6|ENSG00000267522|unprioritized|4,DEL|feature_ablation|CTD-2621I17.8|ENSG00000279959|unprioritized|4,DEL|feature_ablation|DNAAF3|ENSG00000167646|unprioritized|4,DEL|feature_ablation|EPN1|ENSG00000063245|unprioritized|4,DEL|feature_ablation|EPS8L1|ENSG00000131037|unprioritized|4,DEL|feature_ablation|FAM71E2|ENSG00000180043|unprioritized|4,DEL|feature_ablation|FCAR|ENSG00000186431|unprioritized|4,DEL|feature_ablation|FIZ1|ENSG00000179943|unprioritized|4,DEL|feature_ablation|GALP|ENSG00000197487|unprioritized|4,DEL|feature_ablation|GP6|ENSG00000088053|unprioritized|4,DEL|feature_ablation|HSPBP1|ENSG00000133265|unprioritized|4,DEL|feature_ablation|IL11|ENSG00000095752|unprioritized|4,DEL|feature_ablation|ISOC2|ENSG00000063241|unprioritized|4,DEL|feature_ablation|KIR2DL1|ENSG00000125498|unprioritized|4,DEL|feature_ablation|KIR2DL4|ENSG00000189013|unprioritized|4,DEL|feature_ablation|KIR2DS4|ENSG00000221957|unprioritized|4,DEL|feature_ablation|KIR3DL1|ENSG00000167633|unprioritized|4,DEL|feature_ablation|KIR3DL2|ENSG00000240403|unprioritized|4,DEL|feature_ablation|KIR3DP1|ENSG00000264257|unprioritized|4,DEL|feature_ablation|KMT5C|ENSG00000133247|unprioritized|4,DEL|feature_ablation|LLNLR-285B5.1|ENSG00000276578|unprioritized|4,DEL|feature_ablation|MIMT1|ENSG00000268654|unprioritized|4,DEL|feature_ablation|MIR6802|ENSG00000278328|unprioritized|4,DEL|feature_ablation|MIR6803|ENSG00000278264|unprioritized|4,DEL|feature_ablation|MIR6804|ENSG00000275519|unprioritized|4,DEL|feature_ablation|MIR7975|ENSG00000275863|unprioritized|4,DEL|feature_ablation|NAT14|ENSG00000090971|unprioritized|4,DEL|feature_ablation|NCR1|ENSG00000189430|unprioritized|4,DEL|feature_ablation|NLRP11|ENSG00000179873|unprioritized|4,DEL|feature_ablation|NLRP13|ENSG00000173572|unprioritized|4,DEL|feature_ablation|NLRP2|ENSG00000022556|unprioritized|4,DEL|feature_ablation|NLRP4|ENSG00000160505|unprioritized|4,DEL|feature_ablation|NLRP5|ENSG00000171487|unprioritized|4,DEL|feature_ablation|NLRP7|ENSG00000167634|unprioritized|4,DEL|feature_ablation|NLRP8|ENSG00000179709|unprioritized|4,DEL|feature_ablation|NLRP9|ENSG00000185792|unprioritized|4,DEL|feature_ablation|OR5AH1P|ENSG00000268067|unprioritized|4,DEL|feature_ablation|PEG3|ENSG00000198300|unprioritized|4,DEL|feature_ablation|PPP1R12C|ENSG00000125503|unprioritized|4,DEL|feature_ablation|PPP6R1|ENSG00000105063|unprioritized|4,DEL|feature_ablation|PTPRH|ENSG00000080031|unprioritized|4,DEL|feature_ablation|RDH13|ENSG00000160439|unprioritized|4,DEL|feature_ablation|RFPL4A|ENSG00000223638|unprioritized|4,DEL|feature_ablation|RFPL4AL1|ENSG00000229292|unprioritized|4,DEL|feature_ablation|RFPL4AP1|ENSG00000255238|unprioritized|4,DEL|feature_ablation|RN7SKP109|ENSG00000222524|unprioritized|4,DEL|feature_ablation|RNU6-222P|ENSG00000199308|unprioritized|4,DEL|feature_ablation|RPL28|ENSG00000108107|unprioritized|4,DEL|feature_ablation|SBK2|ENSG00000187550|unprioritized|4,DEL|feature_ablation|SBK3|ENSG00000231274|unprioritized|4,DEL|feature_ablation|SHISA7|ENSG00000187902|unprioritized|4,DEL|feature_ablation|SIGLEC31P|ENSG00000268847|unprioritized|4,DEL|feature_ablation|SLC25A36P1|ENSG00000267781|unprioritized|4,DEL|feature_ablation|SMIM17|ENSG00000268182|unprioritized|4,DEL|feature_ablation|SSC5D|ENSG00000179954|unprioritized|4,DEL|feature_ablation|SYT5|ENSG00000129990|unprioritized|4,DEL|feature_ablation|TMEM150B|ENSG00000180061|unprioritized|4,DEL|feature_ablation|TMEM190|ENSG00000160472|unprioritized|4,DEL|feature_ablation|TMEM238|ENSG00000233493|unprioritized|4,DEL|feature_ablation|TMEM86B|ENSG00000180089|unprioritized|4,DEL|feature_ablation|TNNI3|ENSG00000129991|unprioritized|4,DEL|feature_ablation|TNNT1|ENSG00000105048|unprioritized|4,DEL|feature_ablation|U2AF2|ENSG00000215765&ENSG00000063244|key_gene|3,DEL|feature_ablation|UBE2S|ENSG00000108106|unprioritized|4,DEL|feature_ablation|VN2R17P|ENSG00000213014|unprioritized|4,DEL|feature_ablation|Y_RNA|ENSG00000200646&ENSG00000223060|unprioritized|4,DEL|feature_ablation|ZFP28|ENSG00000196867|unprioritized|4,DEL|feature_ablation|ZIM2|ENSG00000269699|unprioritized|4,DEL|feature_ablation|ZIM2-AS1|ENSG00000269793|unprioritized|4,DEL|feature_ablation|ZNF444|ENSG00000167685|unprioritized|4,DEL|feature_ablation|ZNF470|ENSG00000197016|unprioritized|4,DEL|feature_ablation|ZNF471|ENSG00000196263|unprioritized|4,DEL|feature_ablation|ZNF524|ENSG00000171443|unprioritized|4,DEL|feature_ablation|ZNF542P|ENSG00000240225|unprioritized|4,DEL|feature_ablation|ZNF579|ENSG00000218891|unprioritized|4,DEL|feature_ablation|ZNF580|ENSG00000213015|unprioritized|4,DEL|feature_ablation|ZNF581|ENSG00000171425|unprioritized|4,DEL|feature_ablation|ZNF582|ENSG00000018869|unprioritized|4,DEL|feature_ablation|ZNF582-AS1|ENSG00000267454|unprioritized|4,DEL|feature_ablation|ZNF583|ENSG00000198440|unprioritized|4,DEL|feature_ablation|ZNF628|ENSG00000197483|unprioritized|4,DEL|feature_ablation|ZNF667|ENSG00000198046|unprioritized|4,DEL|feature_ablation|ZNF667-AS1|ENSG00000166770|unprioritized|4,DEL|feature_ablation|ZNF71|ENSG00000197951|unprioritized|4,DEL|feature_ablation|ZNF784|ENSG00000179922|unprioritized|4,DEL|feature_ablation|ZNF787|ENSG00000142409|unprioritized|4,DEL|feature_ablation|ZNF835|ENSG00000127903|unprioritized|4,DEL|feature_ablation|ZNF865|ENSG00000261221|unprioritized|4,DEL|feature_ablation|ZSCAN5A|ENSG00000131848|unprioritized|4,DEL|feature_ablation|ZSCAN5B|ENSG00000197213|unprioritized|4,DEL|feature_ablation|ZSCAN5C|ENSG00000204532|unprioritized|4,DEL|feature_ablation|ZSCAN5D|ENSG00000267908|unprioritized|4,DEL|feature_ablation|snoU13|ENSG00000239137|unprioritized|4,DEL|transcript_ablation|BRSK1|ENST00000309383_exon_10/19|unprioritized|4,DEL|transcript_ablation|CCDC106|ENST00000588740_exon_2/6|unprioritized|4,DEL|transcript_ablation|COX6B2|ENST00000588572_exon_1/5|unprioritized|4,DEL|transcript_ablation|CTD-2105E13.6|ENST00000591954_exon_8/8|unprioritized|4,DEL|transcript_ablation|CTD-2537I9.19|ENST00000635964_exon_1/2|unprioritized|4,DEL|transcript_ablation|CTD-2587H24.4|ENST00000587871_exon_2/9|unprioritized|4,DEL|transcript_ablation|DNAAF3|ENST00000527223_exon_10/12&ENST00000391720_exon_12/12&ENST00000524407_exon_1/12&ENST00000455045_exon_2/12|unprioritized|4,DEL|transcript_ablation|EPN1|ENST00000270460_exon_7/11&ENST00000085079_exon_6/10|unprioritized|4,DEL|transcript_ablation|EPS8L1|ENST00000201647_exon_6/20|unprioritized|4,DEL|transcript_ablation|FAM71E2|ENST00000424985_exon_11/11|unprioritized|4,DEL|transcript_ablation|FCAR|ENST00000355524_exon_1/5&ENST00000359272_exon_4/4|unprioritized|4,DEL|transcript_ablation|FIZ1|ENST00000221665_exon_2/3|unprioritized|4,DEL|transcript_ablation|GALP|ENST00000590002_exon_1/2&ENST00000440823_exon_2/5&ENST00000357330_exon_2/6|unprioritized|4,DEL|transcript_ablation|GP6|ENST00000310373_exon_3/8&ENST00000417454_exon_3/8&ENST00000333884_exon_3/7|unprioritized|4,DEL|transcript_ablation|HSPBP1|ENST00000255631_exon_9/9|unprioritized|4,DEL|transcript_ablation|IL11|ENST00000264563_exon_5/5|unprioritized|4,DEL|transcript_ablation|ISOC2|ENST00000425675_exon_6/6|unprioritized|4,DEL|transcript_ablation|KIR2DL4|ENST00000345540_exon_1/7&ENST00000396284_exon_1/8&ENST00000359085_exon_7/8|unprioritized|4,DEL|transcript_ablation|KIR2DS4|ENST00000339924_exon_1/8&ENST00000391729_exon_5/5|unprioritized|4,DEL|transcript_ablation|KIR3DL1|ENST00000326542_exon_6/8&ENST00000391728_exon_7/9|unprioritized|4,DEL|transcript_ablation|KIR3DL2|ENST00000270442_exon_6/8&ENST00000326321_exon_7/9|unprioritized|4,DEL|transcript_ablation|KMT5C|ENST00000255613_exon_6/9|unprioritized|4,DEL|transcript_ablation|NAT14|ENST00000205194_exon_3/3|unprioritized|4,DEL|transcript_ablation|NCR1|ENST00000598576_exon_2/6&ENST00000291890_exon_3/7&ENST00000594765_exon_3/8&ENST00000338835_exon_3/6|unprioritized|4,DEL|transcript_ablation|NLRP11|ENST00000589824_exon_6/8&ENST00000589093_exon_4/10|unprioritized|4,DEL|transcript_ablation|NLRP13|ENST00000588751_exon_5/12&ENST00000342929_exon_5/11|unprioritized|4,DEL|transcript_ablation|NLRP2|ENST00000543010_exon_10/13&ENST00000537859_exon_9/12&ENST00000391721_exon_9/12&ENST00000263437_exon_10/13&ENST00000339757_exon_9/12|unprioritized|4,DEL|transcript_ablation|NLRP4|ENST00000301295_exon_5/10|unprioritized|4,DEL|transcript_ablation|NLRP5|ENST00000390649_exon_15/15&ENST00000621651_exon_2/14|unprioritized|4,DEL|transcript_ablation|NLRP7|ENST00000592784_exon_6/11&ENST00000328092_exon_5/10&ENST00000590030_exon_5/9&ENST00000588756_exon_8/13&ENST00000340844_exon_6/10|unprioritized|4,DEL|transcript_ablation|NLRP8|ENST00000291971_exon_1/10&ENST00000590542_exon_1/10|unprioritized|4,DEL|transcript_ablation|NLRP9|ENST00000332836_exon_8/9|unprioritized|4,DEL|transcript_ablation|PEG3|ENST00000326441_exon_2/10|unprioritized|4,DEL|transcript_ablation|PPP1R12C|ENST00000263433_exon_18/22&ENST00000435544_exon_18/22|unprioritized|4,DEL|transcript_ablation|PPP6R1|ENST00000412770_exon_4/24|unprioritized|4,DEL|transcript_ablation|PTPRH|ENST00000263434_exon_5/18&ENST00000376350_exon_7/20|unprioritized|4,DEL|transcript_ablation|RDH13|ENST00000415061_exon_1/7|unprioritized|4,DEL|transcript_ablation|RFPL4A|ENST00000434937_exon_2/3|unprioritized|4,DEL|transcript_ablation|RFPL4AL1|ENST00000341750_exon_1/3|unprioritized|4,DEL|transcript_ablation|RPL28|ENST00000559463_exon_4/4|unprioritized|4,DEL|transcript_ablation|SBK2|ENST00000413299_exon_2/4|unprioritized|4,DEL|transcript_ablation|SBK3|ENST00000612221_exon_4/4|unprioritized|4,DEL|transcript_ablation|SHISA7|ENST00000376325_exon_1/4|unprioritized|4,DEL|transcript_ablation|SMIM17|ENST00000598409_exon_1/4|unprioritized|4,DEL|transcript_ablation|SSC5D|ENST00000587166_exon_8/13&ENST00000389623_exon_8/14|unprioritized|4,DEL|transcript_ablation|SYT5|ENST00000537500_exon_3/8|unprioritized|4,DEL|transcript_ablation|TMEM150B|ENST00000326652_exon_1/8|unprioritized|4,DEL|transcript_ablation|TMEM190|ENST00000291934_exon_1/5|unprioritized|4,DEL|transcript_ablation|TMEM238|ENST00000444469_exon_1/2|unprioritized|4,DEL|transcript_ablation|TMEM86B|ENST00000327042_exon_2/3|unprioritized|4,DEL|transcript_ablation|TNNI3|ENST00000344887_exon_3/8|unprioritized|4,DEL|transcript_ablation|TNNT1|ENST00000585321_exon_5/10&ENST00000587758_exon_9/14&ENST00000536926_exon_7/12&ENST00000291901_exon_9/14&ENST00000587465_exon_6/11&ENST00000588981_exon_9/14&ENST00000356783_exon_8/13|unprioritized|4,DEL|transcript_ablation|U2AF2|ENST00000450554_exon_5/12&ENST00000308924_exon_5/12|key_gene|3,DEL|transcript_ablation|UBE2S|ENST00000264552_exon_1/4|unprioritized|4,DEL|transcript_ablation|ZFP28|ENST00000301318_exon_6/8|unprioritized|4,DEL|transcript_ablation|ZIM2|ENST00000629319_exon_7/12|unprioritized|4,DEL|transcript_ablation|ZNF444|ENST00000337080_exon_2/5&ENST00000592949_exon_2/5|unprioritized|4,DEL|transcript_ablation|ZNF470|ENST00000330619_exon_4/6|unprioritized|4,DEL|transcript_ablation|ZNF471|ENST00000308031_exon_5/5|unprioritized|4,DEL|transcript_ablation|ZNF524|ENST00000301073_exon_2/2|unprioritized|4,DEL|transcript_ablation|ZNF579|ENST00000325421_exon_1/2|unprioritized|4,DEL|transcript_ablation|ZNF580|ENST00000543039_exon_1/1|unprioritized|4,DEL|transcript_ablation|ZNF581|ENST00000587252_exon_1/2|unprioritized|4,DEL|transcript_ablation|ZNF582|ENST00000619584_exon_1/5|unprioritized|4,DEL|transcript_ablation|ZNF583|ENST00000291598_exon_1/5|unprioritized|4,DEL|transcript_ablation|ZNF628|ENST00000598519_exon_1/3|unprioritized|4,DEL|transcript_ablation|ZNF667|ENST00000292069_exon_1/5|unprioritized|4,DEL|transcript_ablation|ZNF71|ENST00000599599_exon_4/4|unprioritized|4,DEL|transcript_ablation|ZNF784|ENST00000325351_exon_1/2|unprioritized|4,DEL|transcript_ablation|ZNF787|ENST00000610935_exon_3/3|unprioritized|4,DEL|transcript_ablation|ZNF835|ENST00000537055_exon_2/2|unprioritized|4,DEL|transcript_ablation|ZNF865|ENST00000568956_exon_1/2|unprioritized|4,DEL|transcript_ablation|ZSCAN5A|ENST00000587340_exon_6/7&ENST00000592355_exon_4/5|unprioritized|4,DEL|transcript_ablation|ZSCAN5B|ENST00000358992_exon_1/4|unprioritized|4,DEL|transcript_ablation|ZSCAN5C|ENST00000534327_exon_2/5|unprioritized|4	0.46299999952316284,0.40700000524520874	1.9199999570846558,1.9600000381469727	0.9789999723434448,1.0199999809265137	0.8450000286102295		54782761	56908917	MantaDEL:287874:0:1:0:0:0	
manta	sampleA	chr21	44773953	45800298	DEL	92,40		137,68	0.3490000069141388,0.3970000147819519	260	3	DEL|bidirectional_gene_fusion|UBE2G2&PCBP3|ENSG00000184787|unprioritized|4,DEL|chromosome_number_variation|21||chrom_21|3,DEL|exon_loss_variant|PCBP3|ENST00000400314_exon_2/16&ENST00000400314_exon_1/16|unprioritized|3,DEL|exon_loss_variant|UBE2G2|ENST00000345496_exon_1/6&ENST00000345496_exon_4/6&ENST00000345496_exon_2/6&ENST00000345496_exon_3/6|unprioritized|3,DEL|feature_ablation|ADARB1|ENSG00000197381|unprioritized|4,DEL|feature_ablation|AL133493.2|ENSG00000233922|unprioritized|4,DEL|feature_ablation|AP001505.10|ENSG00000276529|unprioritized|4,DEL|feature_ablation|BX322557.10|ENSG00000215447|unprioritized|4,DEL|feature_ablation|BX322557.13|ENSG00000229382|unprioritized|4,DEL|feature_ablation|BX322559.3|ENSG00000228355|unprioritized|4,DEL|feature_ablation|COL18A1|ENSG00000182871|unprioritized|4,DEL|feature_ablation|COL18A1-AS1|ENSG00000183535|unprioritized|4,DEL|feature_ablation|COL18A1-AS2|ENSG00000224574|unprioritized|4,DEL|feature_ablation|FAM207A|ENSG00000160256|unprioritized|4,DEL|feature_ablation|ITGB2|ENSG00000160255|unprioritized|4,DEL|feature_ablation|ITGB2-AS1|ENSG00000227039|unprioritized|4,DEL|feature_ablation|LINC00163|ENSG00000234880|unprioritized|4,DEL|feature_ablation|LINC00165|ENSG00000261706|unprioritized|4,DEL|feature_ablation|LINC00205|ENSG00000223768|unprioritized|4,DEL|feature_ablation|LINC00315|ENSG00000184274|unprioritized|4,DEL|feature_ablation|LINC00316|ENSG00000237664|unprioritized|4,DEL|feature_ablation|LINC00334|ENSG00000182586|unprioritized|4,DEL|feature_ablation|LINC01424|ENSG00000236519|unprioritized|4,DEL|feature_ablation|LINC01547|ENSG00000183250|unprioritized|4,DEL|feature_ablation|LL21NC02-1C16.1|ENSG00000273027|unprioritized|4,DEL|feature_ablation|LL21NC02-1C16.1&PICSAR&MTCO1P3&LL21NC02-21A1.1&COL18A1-AS2&SUMO3&PTTG1IP&LINC00316&AP001505.10&BX322557.13&LINC00163&LL21NC02-1C16.2&RP1-101D8.1&PCBP3&LINC00315&AL133493.2&BX322557.10&FAM207A&SSR4P1&COL18A1-AS1&MIR6815&LINC00334&COL18A1&ITGB2&RP5-1023B21.1&SLC19A1&ITGB2-AS1&LINC00165&BX322559.3&UBE2G2&LINC01547&POFUT2&ADARB1&LINC00205&LINC01424|ENSG00000184787|unprioritized|4,DEL|feature_ablation|LL21NC02-1C16.2|ENSG00000272825|unprioritized|4,DEL|feature_ablation|LL21NC02-21A1.1|ENSG00000273796|unprioritized|4,DEL|feature_ablation|MIR6815|ENSG00000275167|unprioritized|4,DEL|feature_ablation|MTCO1P3|ENSG00000228930|unprioritized|4,DEL|feature_ablation|PCBP3|ENSG00000183570|unprioritized|4,DEL|feature_ablation|PICSAR|ENSG00000275874|unprioritized|4,DEL|feature_ablation|POFUT2|ENSG00000186866|unprioritized|4,DEL|feature_ablation|PTTG1IP|ENSG00000183255|unprioritized|4,DEL|feature_ablation|RP1-101D8.1|ENSG00000275139|unprioritized|4,DEL|feature_ablation|RP5-1023B21.1|ENSG00000267857|unprioritized|4,DEL|feature_ablation|SLC19A1|ENSG00000173638|unprioritized|4,DEL|feature_ablation|SSR4P1|ENSG00000235374|unprioritized|4,DEL|feature_ablation|SUMO3|ENSG00000184900|unprioritized|4,DEL|feature_ablation|UBE2G2|ENSG00000184787|unprioritized|4,DEL|transcript_ablation|ADARB1|ENST00000348831_exon_9/11|unprioritized|4,DEL|transcript_ablation|COL18A1|ENST00000359759_exon_16/41&ENST00000355480_exon_1/41|unprioritized|4,DEL|transcript_ablation|FAM207A|ENST00000397826_exon_6/6|unprioritized|4,DEL|transcript_ablation|ITGB2|ENST00000397850_exon_13/17|unprioritized|4,DEL|transcript_ablation|POFUT2|ENST00000349485_exon_2/9|unprioritized|4,DEL|transcript_ablation|PTTG1IP|ENST00000397887_exon_1/4&ENST00000330938_exon_4/6&ENST00000445724_exon_3/3&ENST00000397886_exon_5/5|unprioritized|4,DEL|transcript_ablation|SLC19A1|ENST00000485649_exon_2/5&ENST00000380010_exon_2/6&ENST00000567670_exon_2/6&ENST00000311124_exon_2/6|unprioritized|4,DEL|transcript_ablation|SUMO3|ENST00000332859_exon_4/4|unprioritized|4	0.3869999945163727,0.44200000166893005	2.0199999809265137,1.9700000286102295	1.0199999809265137,0.9800000190734863	0.8259999752044678		44773953	45800298	MantaDEL:298929:0:1:0:0:0	
manta	sampleA	chr22	42130657	42144581	DUP			210,12	0.04699999839067459,0.039000000804662704	50	3	DUP:TANDEM|5_prime_UTR_variant|CYP2D6|ENST00000389970_exon_1/10|key_gene|3,DUP:TANDEM|TF_binding_site_variant||MA0058&MA0062|unprioritized|4,DUP:TANDEM|downstream_gene_variant|CYP2D7|ENST00000612115_exon_5/11|unprioritized|4,DUP:TANDEM|duplication|CYP2D6|ENST00000389970_exon_1/10&ENSG00000237037|key_gene|3,DUP:TANDEM|duplication|CYP2D7|ENST00000612115_exon_5/11|unprioritized|4,DUP:TANDEM|intergenic_region|CYP2D7-CYP2D8P|ENSG00000205702-ENSG00000226450|unprioritized|4,DUP:TANDEM|intergenic_region|RP4-669P10.16-CYP2D7|ENSG00000232710-ENSG00000205702|unprioritized|4,DUP:TANDEM|upstream_gene_variant|CYP2D6|ENST00000389970_exon_1/10|near_key_gene|3,DUP:TANDEM|upstream_gene_variant|CYP2D7|ENST00000612115_exon_5/11|unprioritized|4	0.052000001072883606,0.0430000014603138	2.059999942779541,2.059999942779541	0.08500000089406967,0.1120000034570694	0.09799999743700027		42130761	42144546	MantaDUP:TANDEM:302947:0:1:0:0:0	
manta	sampleA	chr22	46361176	46506667	DEL	76,38		126,61	0.3499999940395355,0.3440000116825104	234	3	DEL|TFBS_ablation||MA0491&MA0139&MA0478&MA0080&MA0114&MA0062|unprioritized|4,DEL|exon_loss_variant|CELSR1|ENST00000262738_exon_30/35&ENST00000262738_exon_27/35&ENST00000262738_exon_5/35&ENST00000262738_exon_7/35&ENST00000262738_exon_6/35&ENST00000262738_exon_31/35&ENST00000262738_exon_18/35&ENST00000262738_exon_22/35&ENST00000262738_exon_24/35&ENST00000262738_exon_13/35&ENST00000262738_exon_15/35&ENST00000262738_exon_25/35&ENST00000262738_exon_12/35&ENST00000262738_exon_29/35&ENST00000262738_exon_2/35&ENST00000262738_exon_10/35&ENST00000262738_exon_20/35&ENST00000262738_exon_23/35&ENST00000262738_exon_28/35&ENST00000262738_exon_26/35&ENST00000262738_exon_9/35&ENST00000262738_exon_16/35&ENST00000262738_exon_4/35&ENST00000262738_exon_21/35&ENST00000262738_exon_14/35&ENST00000262738_exon_11/35&ENST00000262738_exon_32/35&ENST00000262738_exon_19/35&ENST00000262738_exon_8/35&ENST00000262738_exon_3/35&ENST00000262738_exon_17/35&ENST00000262738_exon_34/35&ENST00000262738_exon_33/35|unprioritized|3,DEL|frameshift_variant&stop_lost|CELSR1|ENST00000262738_exon_29/35|unprioritized|4	0.38999998569488525,0.3840000033378601	1.9500000476837158,1.9299999475479126	1.0099999904632568,0.9819999933242798	0.75		46361176	46506667	MantaDEL:303708:0:1:0:1:0	
manta	sampleA	chrX	20253165	21949308	DEL	67,44		114,53	0.35499998927116394,0.33799999952316284	228	3	DEL|bidirectional_gene_fusion|SMS&RPS6KA3|ENSG00000177189|unprioritized|4,DEL|chromosome_number_variation|X||chrom_X|3,DEL|exon_loss_variant|RPS6KA3|ENST00000379565_exon_1/22|unprioritized|3,DEL|exon_loss_variant|SMS|ENST00000404933_exon_1/11|unprioritized|3,DEL|feature_ablation|CNKSR2|ENSG00000149970|unprioritized|4,DEL|feature_ablation|KLHL34|ENSG00000185915|unprioritized|4,DEL|feature_ablation|LL0XNC01-138C3.2|ENSG00000275681|unprioritized|4,DEL|feature_ablation|LL0XNC01-39B3.1|ENSG00000271286|unprioritized|4,DEL|feature_ablation|MBTPS2|ENSG00000012174|unprioritized|4,DEL|feature_ablation|RARRES2P3|ENSG00000231913|unprioritized|4,DEL|feature_ablation|RN7SKP183|ENSG00000252978|unprioritized|4,DEL|feature_ablation|RNU6-133P|ENSG00000206716|unprioritized|4,DEL|feature_ablation|RP11-1037J10.1|ENSG00000283631|unprioritized|4,DEL|feature_ablation|RP11-203E14.1|ENSG00000283400|unprioritized|4,DEL|feature_ablation|RP11-274G22.1|ENSG00000283380|unprioritized|4,DEL|feature_ablation|RP11-52E20.1|ENSG00000283546|unprioritized|4,DEL|feature_ablation|RPS6KA3|ENSG00000177189|unprioritized|4,DEL|feature_ablation|SMPX|ENSG00000091482|unprioritized|4,DEL|feature_ablation|SMS|ENSG00000102172|unprioritized|4,DEL|feature_ablation|YY2|ENSG00000230797|unprioritized|4,DEL|feature_ablation|YY2&RNU6-133P&Y_RNA&MBTPS2&LL0XNC01-39B3.1&RP11-203E14.1&SMS&RARRES2P3&LL0XNC01-138C3.2&RPS6KA3&RP11-52E20.1&RP11-1037J10.1&SMPX&CNKSR2&RN7SKP183&KLHL34&RP11-274G22.1|ENSG00000177189|unprioritized|4,DEL|feature_ablation|Y_RNA|ENSG00000206639|unprioritized|4,DEL|transcript_ablation|CNKSR2|ENST00000379510_exon_21/22&ENST00000425654_exon_20/21|unprioritized|4,DEL|transcript_ablation|KLHL34|ENST00000379499_exon_1/1|unprioritized|4,DEL|transcript_ablation|MBTPS2|ENST00000379484_exon_7/11|unprioritized|4,DEL|transcript_ablation|YY2|ENST00000429584_exon_1/1|unprioritized|4	0.3959999978542328,0.37599998712539673	1.940000057220459,1.9700000286102295	0.9929999709129333,1.0199999809265137	0.7549999952316284		20253165	21949308	MantaDEL:306876:0:1:0:0:0	
manta	sampleA	chrX	23913840	23914158	DEL	57,6		96,2	0.20000000298023224,0.23100000619888306	33	4	C|intron_variant|CXorf58|ENST00000379211_exon_3/8|unprioritized|4	0.22300000488758087,0.25699999928474426	1.9700000286102295,1.9500000476837158	0.4819999933242798,0.4580000042915344	0.4699999988079071		23913847	23914165	MantaDEL:307119:0:1:0:0:0	
manta	sampleA	chrX	44670089	44874551	DEL	79,38		107,61	0.3109999895095825,0.3269999921321869	227	3	DEL|feature_ablation|KDM6A|ENSG00000147050|key_gene|3	0.34599998593330383,0.36500000953674316	1.9500000476837158,1.909999966621399	1.0099999904632568,0.9729999899864197	0.6859999895095825		44670089	44874551	MantaDEL:308575:0:1:0:0:0	
